"131","Théorie de l'esprit humain","http://vps273360.ovh.net:8080/public/ImageCours/ChapitreMelot/0001.jpg","0.06636363636363636","0.26222222222222225","0.1411111111111111","0.45454545454545453","Jonson%20Zenoni%20Linn","Curiosite/","2016-05-13T12:31:04.334Z"
"132",,"http://vps273360.ovh.net:8080/public/ImageCours/ChapitreMelot/0002.jpg","0.07818181818181819","0.25555555555555554","0.07222222222222222","0.34454545454545454","Jonson%20Zenoni%20Linn","Engagement/","2016-05-13T12:34:20.377Z"
"133",,"http://vps273360.ovh.net:8080/public/ImageCours/ChapitreMelot/0001.jpg","0.07363636363636364","0.25","0.68","0.3490909090909091","EliseLavoue","Anxiete/","2016-05-13T12:34:24.128Z"
"134","save","http://vps273360.ovh.net:8080/public/ImageCours/ChapitreMelot/0001.jpg","0.08","0.09666666666666666","0.6422222222222222","0.18272727272727274","EliseLavoue",,"2016-05-13T12:34:30.144Z"
"135",,"http://vps273360.ovh.net:8080/public/ImageCours/ChapitreMelot/0002.jpg","0.08727272727272728","0.2577777777777778","0.05","0.7636363636363637","Jonson%20Zenoni%20Linn","Curiosite/","2016-05-13T12:35:57.151Z"
"136",,"http://vps273360.ovh.net:8080/public/ImageCours/ChapitreMelot/0002.jpg","0.07363636363636364","0.25666666666666665","0.6411111111111111","0.17363636363636364","Jonson%20Zenoni%20Linn","Curiosite/","2016-05-13T12:37:00.502Z"
"137","Fausse croyance
","http://vps273360.ovh.net:8080/public/ImageCours/ChapitreMelot/0003.jpg","0.05181818181818182","0.2577777777777778","0.44222222222222224","0.32727272727272727","Jonson%20Zenoni%20Linn","Curiosite/","2016-05-13T12:39:50.919Z"
"138",,"http://vps273360.ovh.net:8080/public/ImageCours/ChapitreMelot/0004.jpg","0.21363636363636362","0.27","0.10555555555555556","0.5518181818181818","Jonson%20Zenoni%20Linn","Curiosite/","2016-05-13T12:42:16.349Z"
"139",,"http://vps273360.ovh.net:8080/public/ImageCours/ChapitreMelot/0004.jpg","0.08818181818181818","0.27","0.10444444444444445","0.7918181818181819","Jonson%20Zenoni%20Linn","Engagement/","2016-05-13T12:42:52.575Z"
"140",,"http://vps273360.ovh.net:8080/public/ImageCours/ChapitreMelot/0004.jpg","0.16363636363636364","0.2644444444444444","0.3888888888888889","0.4318181818181818","Jonson%20Zenoni%20Linn","Engagement/","2016-05-13T12:44:08.480Z"
"141",,"http://vps273360.ovh.net:8080/public/ImageCours/ChapitreMelot/0004.jpg","0.07727272727272727","0.2611111111111111","0.38333333333333336","0.6772727272727272","Jonson%20Zenoni%20Linn","Curiosite/","2016-05-13T12:44:55.742Z"
"142",,"http://vps273360.ovh.net:8080/public/ImageCours/ChapitreMelot/0004.jpg","0.09818181818181818","0.26","0.6655555555555556","0.4818181818181818","Jonson%20Zenoni%20Linn","Engagement/","2016-05-13T12:46:24.484Z"
"143",,"http://vps273360.ovh.net:8080/public/ImageCours/ChapitreMelot/0004.jpg","0.07909090909090909","0.26555555555555554","0.6533333333333333","0.6263636363636363","Jonson%20Zenoni%20Linn","Curiosite/","2016-05-13T12:47:04.838Z"
"144",,"http://vps273360.ovh.net:8080/public/ImageCours/ChapitreMelot/0004.jpg","0.17727272727272728","0.2733333333333333","0.6533333333333333","0.7672727272727272","Jonson%20Zenoni%20Linn","Curiosite/","2016-05-13T12:47:40.907Z"
"145",,"http://vps273360.ovh.net:8080/public/ImageCours/ChapitreMelot/0005.jpg","0.14","0.26555555555555554","0.43777777777777777","0.11090909090909092","Jonson%20Zenoni%20Linn","Curiosite/Engagement/","2016-05-13T12:49:35.052Z"
"146","coordination des points de vue
","http://vps273360.ovh.net:8080/public/ImageCours/ChapitreMelot/0005.jpg","0.09","0.25222222222222224","0.43222222222222223","0.3490909090909091","Jonson%20Zenoni%20Linn","Curiosite/","2016-05-13T12:50:17.994Z"
"147",,"http://vps273360.ovh.net:8080/public/ImageCours/ChapitreMelot/0005.jpg","0.057272727272727274","0.26666666666666666","0.7144444444444444","0.09454545454545454","Jonson%20Zenoni%20Linn","Engagement/","2016-05-13T12:50:44.387Z"
"148","Apparence-réalité","http://vps273360.ovh.net:8080/public/ImageCours/ChapitreMelot/0005.jpg","0.06545454545454546","0.2733333333333333","0.6933333333333334","0.5872727272727273","Jonson%20Zenoni%20Linn","Curiosite/","2016-05-13T12:51:59.269Z"
"149",,"http://vps273360.ovh.net:8080/public/ImageCours/ChapitreMelot/0005.jpg","0.05545454545454546","0.25555555555555554","0.69","0.7254545454545455","Jonson%20Zenoni%20Linn","Curiosite/","2016-05-13T12:52:30.196Z"
"150",,"http://vps273360.ovh.net:8080/public/ImageCours/ChapitreMelot/0006.jpg","0.06272727272727273","0.2677777777777778","0.06111111111111111","0.6618181818181819","Jonson%20Zenoni%20Linn","Engagement/","2016-05-13T12:53:55.473Z"
"151",,"http://vps273360.ovh.net:8080/public/ImageCours/ChapitreMelot/0006.jpg","0.10636363636363637","0.25666666666666665","0.056666666666666664","0.75","Jonson%20Zenoni%20Linn","Curiosite/","2016-05-13T12:54:25.916Z"
"152","Expérience","http://vps273360.ovh.net:8080/public/ImageCours/ChapitreMelot/0006.jpg","0.33090909090909093","0.2511111111111111","0.3433333333333333","0.6236363636363637","Jonson%20Zenoni%20Linn",,"2016-05-13T12:55:35.994Z"
"153",,"http://vps273360.ovh.net:8080/public/ImageCours/ChapitreMelot/0006.jpg","0.17727272727272728","0.2544444444444444","0.6177777777777778","0.7790909090909091","Jonson%20Zenoni%20Linn",,"2016-05-13T12:57:44.427Z"
"155","Résumé de ce qui a été fait.","http://vps273360.ovh.net:8080/public/ImageCours/ChapitreSodian/0003.jpg","0.07727272727272727","0.8022222222222222","0.12666666666666668","0.10909090909090909","Jonson%20Zenoni%20Linn",,"2016-05-13T15:18:07.503Z"
"156","Tromperie comme indicateur.","http://vps273360.ovh.net:8080/public/ImageCours/ChapitreSodian/0003.jpg","0.04909090909090909","0.8244444444444444","0.1322222222222222","0.46545454545454545","Jonson%20Zenoni%20Linn",,"2016-05-13T15:19:43.591Z"
"157",,"http://vps273360.ovh.net:8080/public/ImageCours/ChapitreSodian/0003.jpg","0.08636363636363636","0.7955555555555556","0.1388888888888889","0.6354545454545455","Jonson%20Zenoni%20Linn",,"2016-05-13T15:21:55.478Z"
"158",,"http://vps273360.ovh.net:8080/public/ImageCours/ChapitreSodian/0004.jpg","0.03909090909090909","0.8","0.07777777777777778","0.3572727272727273","Jonson%20Zenoni%20Linn",,"2016-05-13T15:24:03.326Z"
"159",,"http://vps273360.ovh.net:8080/public/ImageCours/ChapitreSodian/0004.jpg","0.06727272727272728","0.8333333333333334","0.07222222222222222","0.8590909090909091","Jonson%20Zenoni%20Linn",,"2016-05-13T15:26:13.536Z"
"160",,"http://vps273360.ovh.net:8080/public/ImageCours/ChapitreSodian/0005.jpg","0.18363636363636363","0.81","0.1288888888888889","0.11","Jonson%20Zenoni%20Linn",,"2016-05-13T15:26:58.279Z"
"161",,"http://vps273360.ovh.net:8080/public/ImageCours/ChapitreSodian/0005.jpg","0.05181818181818182","0.82","0.12333333333333334","0.39636363636363636","Jonson%20Zenoni%20Linn",,"2016-05-13T15:28:12.564Z"
"162",,"http://vps273360.ovh.net:8080/public/ImageCours/ChapitreSodian/0005.jpg","0.10272727272727272","0.8422222222222222","0.11555555555555555","0.5863636363636363","Jonson%20Zenoni%20Linn",,"2016-05-13T15:30:13.944Z"
"163",,"http://vps273360.ovh.net:8080/public/ImageCours/ChapitreSodian/0005.jpg","0.09909090909090909","0.8211111111111111","0.11888888888888889","0.7618181818181818","Jonson%20Zenoni%20Linn",,"2016-05-13T15:30:47.402Z"
"164",,"http://vps273360.ovh.net:8080/public/ImageCours/ChapitreSodian/0006.jpg","0.034545454545454546","0.8311111111111111","0.07333333333333333","0.25363636363636366","Jonson%20Zenoni%20Linn",,"2016-05-13T15:34:56.404Z"
"165",,"http://vps273360.ovh.net:8080/public/ImageCours/ChapitreSodian/0007.jpg","0.02090909090909091","0.7944444444444444","0.12666666666666668","0.7436363636363637","Jonson%20Zenoni%20Linn",,"2016-05-13T15:37:36.438Z"
"166",,"http://vps273360.ovh.net:8080/public/ImageCours/ChapitreSodian/0007.jpg","0.031818181818181815","0.22777777777777777","0.13333333333333333","0.22","Jonson%20Zenoni%20Linn",,"2016-05-13T15:38:05.847Z"
"167",,"http://vps273360.ovh.net:8080/public/ImageCours/ChapitreSodian/0007.jpg","0.026363636363636363","0.43222222222222223","0.12777777777777777","0.6754545454545454","Jonson%20Zenoni%20Linn",,"2016-05-13T15:38:12.102Z"
"168","Pseudo tromperie.","http://vps273360.ovh.net:8080/public/ImageCours/ChapitreSodian/0008.jpg","0.10909090909090909","0.8411111111111111","0.06444444444444444","0.5372727272727272","Jonson%20Zenoni%20Linn",,"2016-05-13T16:10:48.140Z"
"169",,"http://vps273360.ovh.net:8080/public/ImageCours/ChapitreSodian/0008.jpg","0.24636363636363637","0.8588888888888889","0.06333333333333334","0.6918181818181818","Jonson%20Zenoni%20Linn","Ennui/","2016-05-13T16:11:40.521Z"
"170",,"http://vps273360.ovh.net:8080/public/ImageCours/ChapitreSodian/0010.jpg","0.14181818181818182","0.8333333333333334","0.07333333333333333","0.6227272727272727","Jonson%20Zenoni%20Linn","Engagement/","2016-05-13T16:15:11.869Z"
"171",,"http://vps273360.ovh.net:8080/public/ImageCours/ChapitreSodian/0009.jpg","0.3236363636363636","0.8544444444444445","0.1411111111111111","0.11363636363636363","Jonson%20Zenoni%20Linn","Ennui/","2016-05-13T16:15:39.476Z"
"172","MOT CLE IMPORTANT","http://vps273360.ovh.net:8080/public/ImageCours/ChapitreMelot/0001.jpg","0.024545454545454544","0.08444444444444445","0.6955555555555556","0.2863636363636364","RIVERA",,"2016-05-13T18:06:31.883Z"
"173","Ma première fille à 5 ans, je ressens un intérêt particulier à poursuivre la lecture de l'article ","http://vps273360.ovh.net:8080/public/ImageCours/ChapitreMelot/0001.jpg","0.03090909090909091","0.1388888888888889","0.15","0.3009090909090909","RIVERA","Engagement/","2016-05-13T18:09:12.740Z"
"174","le fond de la question","http://vps273360.ovh.net:8080/public/ImageCours/ChapitreMelot/0001.jpg","0.10272727272727272","0.19","0.13444444444444445","0.67","RIVERA",,"2016-05-13T18:10:45.295Z"
"175",,"http://vps273360.ovh.net:8080/public/ImageCours/ChapitreMelot/0001.jpg","0.19636363636363635","0.18333333333333332","0.7688888888888888","0.6627272727272727","RIVERA","Curiosite/","2016-05-13T18:12:46.050Z"
"176","je ne pensais pas que cela se faisais aussi tôt dans leur développement","http://vps273360.ovh.net:8080/public/ImageCours/ChapitreMelot/0002.jpg","0.2290909090909091","0.2644444444444444","0.06333333333333334","0.42272727272727273","RIVERA","Curiosite/Surprise/","2016-05-13T18:16:43.079Z"
"177","Important","http://vps273360.ovh.net:8080/public/ImageCours/ChapitreMelot/0002.jpg","0.05454545454545454","0.27666666666666667","0.03222222222222222","0.7981818181818182","RIVERA",,"2016-05-13T18:17:26.000Z"
"178","le fondement de la théorie de l'esprit chez les enfants","http://vps273360.ovh.net:8080/public/ImageCours/ChapitreMelot/0002.jpg","0.09272727272727273","0.26555555555555554","0.35333333333333333","0.23363636363636364","RIVERA",,"2016-05-13T18:18:57.909Z"
"179","exemple qui explique très bien","http://vps273360.ovh.net:8080/public/ImageCours/ChapitreMelot/0003.jpg","0.3145454545454546","0.2588888888888889","0.16777777777777778","0.11545454545454545","RIVERA","Plaisir/","2016-05-13T18:21:51.970Z"
"180","résumé de cette expérience","http://vps273360.ovh.net:8080/public/ImageCours/ChapitreMelot/0004.jpg","0.060909090909090906","0.2588888888888889","0.10444444444444445","0.5554545454545454","RIVERA",,"2016-05-13T18:24:15.471Z"
"181","concept central de la théorie de l'esprit","http://vps273360.ovh.net:8080/public/ImageCours/ChapitreMelot/0004.jpg","0.17545454545454545","0.2644444444444444","0.3877777777777778","0.41909090909090907","RIVERA",,"2016-05-13T18:25:55.793Z"
"182",,"http://vps273360.ovh.net:8080/public/ImageCours/ChapitreMelot/0004.jpg","0.1809090909090909","0.2577777777777778","0.6644444444444444","0.7654545454545455","RIVERA","Curiosite/","2016-05-13T18:28:44.831Z"
"183","A essayer avec mes enfants","http://vps273360.ovh.net:8080/public/ImageCours/ChapitreMelot/0005.jpg","0.09454545454545454","0.2688888888888889","0.43","0.15545454545454546","RIVERA","Curiosite/","2016-05-13T18:30:18.359Z"
"184","important","http://vps273360.ovh.net:8080/public/ImageCours/ChapitreMelot/0005.jpg","0.03636363636363636","0.27","0.6822222222222222","0.6136363636363636","RIVERA",,"2016-05-13T18:32:09.825Z"
"185","résumé","http://vps273360.ovh.net:8080/public/ImageCours/ChapitreMelot/0006.jpg","0.11090909090909092","0.2611111111111111","0.052222222222222225","0.7518181818181818","RIVERA","Plaisir/","2016-05-13T18:33:40.191Z"
"186","résultat","http://vps273360.ovh.net:8080/public/ImageCours/ChapitreMelot/0006.jpg","0.038181818181818185","0.2544444444444444","0.33555555555555555","0.9090909090909091","RIVERA",,"2016-05-13T18:35:00.282Z"
"187","important","http://vps273360.ovh.net:8080/public/ImageCours/ChapitreSodian/0003.jpg","0.05909090909090909","0.8","0.12777777777777777","0.5763636363636364","Rivera",,"2016-05-13T18:42:11.454Z"
"188",,"http://vps273360.ovh.net:8080/public/ImageCours/ChapitreSodian/0003.jpg","0.06181818181818182","0.8044444444444444","0.13","0.6636363636363637","Rivera","Curiosite/","2016-05-13T18:42:45.528Z"
"189",,"http://vps273360.ovh.net:8080/public/ImageCours/ChapitreSodian/0004.jpg","0.08636363636363636","0.8088888888888889","0.07444444444444444","0.7745454545454545","Rivera","Engagement/","2016-05-13T18:45:13.608Z"
"190","question 2","http://vps273360.ovh.net:8080/public/ImageCours/ChapitreSodian/0006.jpg","0.12545454545454546","0.8444444444444444","0.06111111111111111","0.8027272727272727","Rivera",,"2016-05-13T18:49:25.928Z"
"191","suite question 2
","http://vps273360.ovh.net:8080/public/ImageCours/ChapitreSodian/0007.jpg","0.1409090909090909","0.9022222222222223","0.09555555555555556","0.08363636363636363","Rivera",,"2016-05-13T18:49:43.002Z"
"192","question 2 bis","http://vps273360.ovh.net:8080/public/ImageCours/ChapitreSodian/0007.jpg","0.19545454545454546","0.8022222222222222","0.1288888888888889","0.7109090909090909","Rivera",,"2016-05-13T18:51:43.562Z"
"193","question3","http://vps273360.ovh.net:8080/public/ImageCours/ChapitreSodian/0008.jpg","0.02909090909090909","0.15","0.05","0.6572727272727272","Rivera",,"2016-05-13T18:54:01.584Z"
"194","pseudo-réussite question 3","http://vps273360.ovh.net:8080/public/ImageCours/ChapitreSodian/0010.jpg","0.05545454545454546","0.8077777777777778","0.05555555555555555","0.3181818181818182","Rivera",,"2016-05-13T18:57:04.026Z"
"195","les enfants 3-4 ans sont une minorité à comprendre la tromperie","http://vps273360.ovh.net:8080/public/ImageCours/ChapitreSodian/0010.jpg","0.07181818181818182","0.8","0.06333333333333334","0.42454545454545456","Rivera",,"2016-05-13T18:58:16.418Z"
"196","question 4","http://vps273360.ovh.net:8080/public/ImageCours/ChapitreSodian/0010.jpg","0.11272727272727273","0.8266666666666667","0.056666666666666664","0.5272727272727272","Rivera",,"2016-05-13T18:59:15.103Z"
"197","important","http://vps273360.ovh.net:8080/public/ImageCours/ChapitreSodian/0003.jpg","0.09090909090909091","0.8188888888888889","0.12777777777777777","0.09818181818181818","Rivera","Curiosite/","2016-05-13T19:00:42.798Z"
"198","question 1 ","http://vps273360.ovh.net:8080/public/ImageCours/ChapitreSodian/0003.jpg","0.12454545454545454","0.8011111111111111","0.12333333333333334","0.19818181818181818","Rivera",,"2016-05-13T19:01:31.544Z"
"199","Question 1","http://vps273360.ovh.net:8080/public/ImageCours/ChapitreSodian/0004.jpg","0.1409090909090909","0.01","0.8744444444444445","0.3390909090909091","Butty",,"2016-05-14T12:48:33.382Z"
"200","Question 1","http://vps273360.ovh.net:8080/public/ImageCours/ChapitreSodian/0005.jpg","0.39636363636363636","0.7988888888888889","0.11888888888888889","0.2963636363636364","Butty",,"2016-05-14T13:05:37.536Z"
"201",,"http://vps273360.ovh.net:8080/public/ImageCours/ChapitreMelot/0001.jpg","0.1","0.7622222222222222","0.15666666666666668","0.2863636363636364","Catherine%20Andr%C3%A9","Curiosite/","2016-05-14T14:06:29.776Z"
"202","théorie de l'esprit = processus qui permet à l'enfant de prendre conscience qu'autrui a ses propres pensées, désirs, croyances,… qui vont avoir un impact sur son comportement","http://vps273360.ovh.net:8080/public/ImageCours/ChapitreMelot/0001.jpg","0.06363636363636363","0.2577777777777778","0.14666666666666667","0.45636363636363636","Catherine%20Andr%C3%A9","Engagement/","2016-05-14T14:12:19.583Z"
"203",,"http://vps273360.ovh.net:8080/public/ImageCours/ChapitreMelot/0001.jpg","0.11181818181818182","0.22111111111111112","0.7333333333333333","0.5045454545454545","Catherine%20Andr%C3%A9","Engagement/","2016-05-14T14:14:40.774Z"
"204",,"http://vps273360.ovh.net:8080/public/ImageCours/ChapitreMelot/0001.jpg","0.16636363636363635","0.18222222222222223","0.77","0.6927272727272727","Catherine%20Andr%C3%A9",,"2016-05-14T14:15:44.377Z"
"205",,"http://vps273360.ovh.net:8080/public/ImageCours/ChapitreMelot/0002.jpg","0.09727272727272727","0.2644444444444444","0.043333333333333335","0.7454545454545455","Catherine%20Andr%C3%A9","Curiosite/","2016-05-14T14:18:10.755Z"
"206",,"http://vps273360.ovh.net:8080/public/ImageCours/ChapitreMelot/0002.jpg","0.08","0.2588888888888889","0.3566666666666667","0.24636363636363637","Catherine%20Andr%C3%A9","Engagement/","2016-05-14T14:19:05.891Z"
"207",,"http://vps273360.ovh.net:8080/public/ImageCours/ChapitreMelot/0004.jpg","0.07545454545454545","0.26666666666666666","0.10888888888888888","0.5409090909090909","Catherine%20Andr%C3%A9","Engagement/","2016-05-14T14:27:13.348Z"
"208",,"http://vps273360.ovh.net:8080/public/ImageCours/ChapitreMelot/0004.jpg","0.06454545454545454","0.26555555555555554","0.10666666666666667","0.7018181818181818","Catherine%20Andr%C3%A9","Engagement/","2016-05-14T14:28:02.855Z"
"209",,"http://vps273360.ovh.net:8080/public/ImageCours/ChapitreMelot/0004.jpg","0.08363636363636363","0.26222222222222225","0.1111111111111111","0.7936363636363636","Catherine%20Andr%C3%A9","Engagement/","2016-05-14T14:29:18.633Z"
"210",,"http://vps273360.ovh.net:8080/public/ImageCours/ChapitreMelot/0004.jpg","0.08545454545454545","0.25666666666666665","0.3933333333333333","0.43272727272727274","Catherine%20Andr%C3%A9","Engagement/","2016-05-14T14:29:57.224Z"
"211",,"http://vps273360.ovh.net:8080/public/ImageCours/ChapitreMelot/0004.jpg","0.09363636363636364","0.23","0.69","0.48363636363636364","Catherine%20Andr%C3%A9","Engagement/","2016-05-14T14:33:00.832Z"
"212",,"http://vps273360.ovh.net:8080/public/ImageCours/ChapitreMelot/0004.jpg","0.12363636363636364","0.26","0.6577777777777778","0.6454545454545455","Catherine%20Andr%C3%A9","Engagement/","2016-05-14T14:34:11.281Z"
"213",,"http://vps273360.ovh.net:8080/public/ImageCours/ChapitreMelot/0005.jpg","0.09818181818181818","0.23666666666666666","0.4588888888888889","0.2509090909090909","Catherine%20Andr%C3%A9","Engagement/","2016-05-14T14:36:36.255Z"
"214",,"http://vps273360.ovh.net:8080/public/ImageCours/ChapitreMelot/0005.jpg","0.024545454545454544","0.27111111111111114","0.6955555555555556","0.6254545454545455","Catherine%20Andr%C3%A9","Engagement/","2016-05-14T14:38:35.527Z"
"215",,"http://vps273360.ovh.net:8080/public/ImageCours/ChapitreMelot/0005.jpg","0.1190909090909091","0.2644444444444444","0.6877777777777778","0.7654545454545455","Catherine%20Andr%C3%A9","Engagement/","2016-05-14T14:39:25.418Z"
"216","Fort intérêt pour le sujet. Intro motivante pour la suite de l'article","http://vps273360.ovh.net:8080/public/ImageCours/ChapitreMelot/0001.jpg","0.008181818181818182","0.17888888888888888","0.3488888888888889","0.19636363636363635","Aminian","Curiosite/","2016-05-14T14:40:56.778Z"
"217",,"http://vps273360.ovh.net:8080/public/ImageCours/ChapitreMelot/0006.jpg","0.04363636363636364","0.23666666666666666","0.3511111111111111","0.9045454545454545","Catherine%20Andr%C3%A9",,"2016-05-14T14:41:48.817Z"
"218",,"http://vps273360.ovh.net:8080/public/ImageCours/ChapitreMelot/0006.jpg","0.21272727272727274","0.24222222222222223","0.6233333333333333","0.5727272727272728","Catherine%20Andr%C3%A9","Curiosite/","2016-05-14T14:42:29.125Z"
"220","Définition théorie de l'esprit","http://vps273360.ovh.net:8080/public/ImageCours/ChapitreMelot/0001.jpg","0.19272727272727272","0.17666666666666667","0.7677777777777778","0.6636363636363637","Aminian","Curiosite/","2016-05-14T14:47:39.560Z"
"221","Capacités enfants entre 2 et 6 ans. (frustration liée à l'outil d'annotation qui ne me permet pas d'annoter quand j'ai zoomé. Je ne la mets que cette fois)","http://vps273360.ovh.net:8080/public/ImageCours/ChapitreMelot/0002.jpg","0.1781818181818182","0.24888888888888888","0.07111111111111111","0.3418181818181818","Aminian","Surprise/Frustration/","2016-05-14T14:50:40.995Z"
"222","Point clé","http://vps273360.ovh.net:8080/public/ImageCours/ChapitreMelot/0002.jpg","0.08","0.26222222222222225","0.04888888888888889","0.7372727272727273","Aminian","Engagement/","2016-05-14T15:00:23.307Z"
"224","Comment cette capacité se développe-t-elle?","http://vps273360.ovh.net:8080/public/ImageCours/ChapitreMelot/0003.jpg","0.06545454545454546","0.24333333333333335","0.45111111111111113","0.37636363636363634","Aminian","Curiosite/","2016-05-14T15:04:15.478Z"
"225","Point important","http://vps273360.ovh.net:8080/public/ImageCours/ChapitreMelot/0004.jpg","0.05090909090909091","0.2577777777777778","0.11222222222222222","0.5654545454545454","Aminian","Curiosite/Engagement/","2016-05-14T15:09:49.587Z"
"226","Avant 5 ans, l'enfant n'a pas encore acquis les fonctions cognitives lui permettant de comprendre le concept de représentation mentale","http://vps273360.ovh.net:8080/public/ImageCours/ChapitreMelot/0004.jpg","0.08545454545454545","0.26","0.39111111111111113","0.4309090909090909","Aminian",,"2016-05-14T15:12:18.146Z"
"227","Point clé","http://vps273360.ovh.net:8080/public/ImageCours/ChapitreMelot/0004.jpg","0.03909090909090909","0.2611111111111111","0.6611111111111111","0.4809090909090909","Aminian","Engagement/","2016-05-14T15:14:14.153Z"
"228","Point clé","http://vps273360.ovh.net:8080/public/ImageCours/ChapitreMelot/0004.jpg","0.06454545454545454","0.26666666666666666","0.6522222222222223","0.64","Aminian","Engagement/","2016-05-14T15:15:25.021Z"
"229","Compréhension de l'élaboration de la représentation chez chaque individu","http://vps273360.ovh.net:8080/public/ImageCours/ChapitreMelot/0005.jpg","0.06545454545454546","0.25333333333333335","0.43777777777777777","0.28545454545454546","Aminian","Engagement/","2016-05-14T15:17:41.782Z"
"230","Point clé","http://vps273360.ovh.net:8080/public/ImageCours/ChapitreMelot/0005.jpg","0.07454545454545454","0.26","0.6844444444444444","0.8072727272727273","Aminian","Engagement/","2016-05-14T15:19:31.718Z"
"231","Résumé utile","http://vps273360.ovh.net:8080/public/ImageCours/ChapitreMelot/0006.jpg","0.10545454545454545","0.26222222222222225","0.06","0.7554545454545455","Aminian","Curiosite/","2016-05-14T15:21:10.802Z"
"232","Intéressant. Pourquoi?","http://vps273360.ovh.net:8080/public/ImageCours/ChapitreMelot/0006.jpg","0.07272727272727272","0.2577777777777778","0.6144444444444445","0.6654545454545454","Aminian","Curiosite/Engagement/Surprise/","2016-05-14T15:23:16.967Z"
"233","Il faut être bien éveillé pour lire cette phrase (surtout la fin, états mentaux reliés de façon causale, etc.) néanmoins elle a le mérite de susciter l'intérêt.  ","http://vps273360.ovh.net:8080/public/ImageCours/ChapitreMelot/0001.jpg","0.24363636363636362","0.18555555555555556","0.7633333333333333","0.6154545454545455","Elodie%20Brun","Curiosite/","2016-05-15T13:19:06.493Z"
"234","Intéressant. Je comprend bien et suis certaine de cela mais j'aimerais des exemples plus concrets pour mieux intégrer l'information. Légère frustration mais toujours beaucoup de curiosité.","http://vps273360.ovh.net:8080/public/ImageCours/ChapitreMelot/0002.jpg","0.31363636363636366","0.27666666666666667","0.052222222222222225","0.3372727272727273","Elodie%20Brun","Curiosite/Frustration/","2016-05-15T13:27:35.804Z"
"235","Ce passage est un peu plus confus, je vois de quoi l'auteur parle mais j'aurais de la peine à l'expliquer avec mes propres mots. Mais la curiosité m'accompagne toujours.","http://vps273360.ovh.net:8080/public/ImageCours/ChapitreMelot/0002.jpg","0.10636363636363637","0.27444444444444444","0.04666666666666667","0.7381818181818182","Elodie%20Brun","Curiosite/Confusion/","2016-05-15T13:35:25.420Z"
"236",,"http://vps273360.ovh.net:8080/public/ImageCours/ChapitreMelot/0002.jpg","0.17454545454545456","0.26555555555555554","0.3522222222222222","0.1481818181818182","Elodie%20Brun","Curiosite/Confusion/","2016-05-15T13:36:36.720Z"
"237","Cet exemple répond à mes interrogations du début.
Comme ma compréhension est plus claire le plaisir à lire commence à être de la partie.","http://vps273360.ovh.net:8080/public/ImageCours/ChapitreMelot/0003.jpg","0.44636363636363635","0.5444444444444444","0.15666666666666668","0.07","Elodie%20Brun","Plaisir/Curiosite/","2016-05-15T13:46:26.267Z"
"238","Où veulent-ils en venir?","http://vps273360.ovh.net:8080/public/ImageCours/ChapitreMelot/0001.jpg","0.15181818181818182","0.18444444444444444","0.13","0.6227272727272727","Di%20Benedetto","Curiosite/","2016-05-15T12:51:53.434Z"
"239","De nouveau un exemple qui stimule la curiosité et le plaisir. ","http://vps273360.ovh.net:8080/public/ImageCours/ChapitreMelot/0004.jpg","0.3518181818181818","0.26222222222222225","0.11333333333333333","0.4127272727272727","Elodie%20Brun","Plaisir/Curiosite/","2016-05-15T13:55:32.707Z"
"240","Difficile à comprendre à la première lecture!","http://vps273360.ovh.net:8080/public/ImageCours/ChapitreMelot/0002.jpg","0.2","0.24666666666666667","0.3566666666666667","0.2381818181818182","Di%20Benedetto","Anxiete/","2016-05-15T12:57:56.068Z"
"241","Besoin de lire ce passage plusieurs fois pour bien en saisir le sens. De ce fait un peu de frustration et moins de plaisir. Mais la curiosité est toujours là !","http://vps273360.ovh.net:8080/public/ImageCours/ChapitreMelot/0004.jpg","0.16090909090909092","0.26222222222222225","0.39111111111111113","0.4309090909090909","Elodie%20Brun","Curiosite/Confusion/Frustration/","2016-05-15T13:59:57.932Z"
"242","Je comprends mieux!","http://vps273360.ovh.net:8080/public/ImageCours/ChapitreMelot/0004.jpg","0.07727272727272727","0.27666666666666667","0.10333333333333333","0.4263636363636364","Di%20Benedetto","Plaisir/","2016-05-15T13:03:20.781Z"
"243","Clair et intéressant. Plaisir à lire et l'impression d'intégrer l'information. Un sentiment de satisfaction en découle, ça motive à s'engager pour la suite. ","http://vps273360.ovh.net:8080/public/ImageCours/ChapitreMelot/0004.jpg","0.30454545454545456","0.2633333333333333","0.38666666666666666","0.6345454545454545","Elodie%20Brun","Plaisir/Curiosite/Engagement/","2016-05-15T14:04:55.412Z"
"244","Intéressant ","http://vps273360.ovh.net:8080/public/ImageCours/ChapitreMelot/0004.jpg","0.06818181818181818","0.2733333333333333","0.1","0.6990909090909091","Di%20Benedetto","Engagement/","2016-05-15T13:05:39.521Z"
"245","idem que le commentaire précédent. ","http://vps273360.ovh.net:8080/public/ImageCours/ChapitreMelot/0004.jpg","0.1618181818181818","0.26222222222222225","0.6633333333333333","0.4163636363636364","Elodie%20Brun","Plaisir/Curiosite/Engagement/","2016-05-15T14:06:34.417Z"
"246","A retenir","http://vps273360.ovh.net:8080/public/ImageCours/ChapitreMelot/0005.jpg","0.08818181818181818","0.2411111111111111","0.45444444444444443","0.25181818181818183","Di%20Benedetto","Curiosite/","2016-05-15T13:12:09.538Z"
"247","A retenir ","http://vps273360.ovh.net:8080/public/ImageCours/ChapitreMelot/0005.jpg","0.06363636363636363","0.2733333333333333","0.6911111111111111","0.5890909090909091","Di%20Benedetto","Curiosite/","2016-05-15T13:16:31.364Z"
"248","De nouveau un exemple qui suscite l'intérêt. Plaisir et curiosité toujours au rdv. ","http://vps273360.ovh.net:8080/public/ImageCours/ChapitreMelot/0005.jpg","0.4381818181818182","0.54","0.16333333333333333","0.06727272727272728","Elodie%20Brun","Plaisir/Curiosite/","2016-05-15T14:17:26.073Z"
"249","Résultats","http://vps273360.ovh.net:8080/public/ImageCours/ChapitreMelot/0006.jpg","0.11636363636363636","0.2866666666666667","0.6133333333333333","0.6563636363636364","Di%20Benedetto","Surprise/","2016-05-15T13:21:35.923Z"
"250","Important à retenir. ","http://vps273360.ovh.net:8080/public/ImageCours/ChapitreMelot/0005.jpg","0.11272727272727273","0.27555555555555555","0.7066666666666667","0.046363636363636364","Elodie%20Brun","Plaisir/Curiosite/Engagement/","2016-05-15T14:22:20.255Z"
"251",,"http://vps273360.ovh.net:8080/public/ImageCours/ChapitreMelot/0005.jpg","0.24818181818181817","0.26","0.69","0.6418181818181818","Elodie%20Brun","Plaisir/Curiosite/","2016-05-15T14:33:17.601Z"
"252",,"http://vps273360.ovh.net:8080/public/ImageCours/ChapitreMelot/0006.jpg","0.44272727272727275","0.5277777777777778","0.3477777777777778","0.5109090909090909","Elodie%20Brun","Plaisir/Curiosite/Engagement/","2016-05-15T14:39:18.581Z"
"253","Encore un peu flou mais intéressant. Ensemble de confusion et de curiosité.","http://vps273360.ovh.net:8080/public/ImageCours/ChapitreSodian/0001.jpg","0.05","0.89","0.06333333333333334","0.5318181818181819","Elodie%20Brun","Curiosite/Confusion/","2016-05-15T15:03:35.924Z"
"254",,"http://vps273360.ovh.net:8080/public/ImageCours/ChapitreSodian/0003.jpg","0.51","0.8233333333333334","0.11555555555555555","0.4254545454545455","Elodie%20Brun","Plaisir/Curiosite/","2016-05-15T15:28:23.011Z"
"255",,"http://vps273360.ovh.net:8080/public/ImageCours/ChapitreSodian/0004.jpg","0.09818181818181818","0.8222222222222222","0.06777777777777778","0.10545454545454545","Elodie%20Brun","Plaisir/Curiosite/","2016-05-15T15:32:19.167Z"
"256","Très intéressant, plaisir et curiosité au rdv. Suscite l'engagement d'en savoir davantage.","http://vps273360.ovh.net:8080/public/ImageCours/ChapitreSodian/0004.jpg","0.3463636363636364","0.8066666666666666","0.08","0.25636363636363635","Elodie%20Brun","Plaisir/Curiosite/Engagement/","2016-05-15T15:39:36.400Z"
"257","Exemple qui m'a beaucoup fait sourire, j'imagine très bien la scène. ","http://vps273360.ovh.net:8080/public/ImageCours/ChapitreSodian/0004.jpg","0.18","0.8044444444444444","0.08777777777777777","0.6118181818181818","Elodie%20Brun","Plaisir/","2016-05-15T16:56:17.409Z"
"258","Curiosité toujours présente mais un peu de confusion donc une légère frustration. ","http://vps273360.ovh.net:8080/public/ImageCours/ChapitreSodian/0005.jpg","0.1690909090909091","0.8088888888888889","0.11777777777777777","0.11454545454545455","Elodie%20Brun","Curiosite/Confusion/Frustration/","2016-05-15T16:59:01.095Z"
"259","Éléments de réponse pour la question 1, légère frustration car il ne sera pas évident pour moi de réexpliquer le contenu avec mes propres mots. ","http://vps273360.ovh.net:8080/public/ImageCours/ChapitreSodian/0005.jpg","0.3990909090909091","0.8177777777777778","0.12","0.2918181818181818","Elodie%20Brun","Curiosite/Frustration/","2016-05-15T17:02:57.971Z"
"260","Intéressant, je comprend mais à nouveau une légère frustration car je ne sais pas comment je vais reformuler ces propos. ","http://vps273360.ovh.net:8080/public/ImageCours/ChapitreSodian/0006.jpg","0.2081818181818182","0.8222222222222222","0.06666666666666667","0.35454545454545455","Elodie%20Brun","Curiosite/Frustration/","2016-05-15T17:09:43.996Z"
"261","définition clé - fiche de lecture ","http://vps273360.ovh.net:8080/public/ImageCours/ChapitreMelot/0001.jpg","0.07181818181818182","0.2688888888888889","0.13666666666666666","0.4536363636363636","GUERIN","Engagement/","2016-05-16T09:46:01.347Z"
"262","Ce scan est de travers et se mauvaise qualité. Il n'y a pas pire pour desservir le contenu. Il est difficile de se concentrer pour assimiler les notions. C'est dommage","http://vps273360.ovh.net:8080/public/ImageCours/ChapitreMelot/0001.jpg","0.031818181818181815","0.19777777777777777","0.32555555555555554","0.05909090909090909","GUERIN","Ennui/","2016-05-16T09:50:58.099Z"
"263","les enfants...de quel âge à quel âge ? de 2 ans à 13 ans ? ","http://vps273360.ovh.net:8080/public/ImageCours/ChapitreMelot/0001.jpg","0.017272727272727273","0.09777777777777778","0.76","0.7009090909090909","GUERIN","Curiosite/","2016-05-16T09:55:23.890Z"
"264","future maman je suis très intéressée","http://vps273360.ovh.net:8080/public/ImageCours/ChapitreMelot/0002.jpg","0.06454545454545454","0.2733333333333333","0.05555555555555555","0.35454545454545455","GUERIN","Engagement/","2016-05-16T09:59:37.873Z"
"265","c'est français ? ","http://vps273360.ovh.net:8080/public/ImageCours/ChapitreMelot/0002.jpg","0.017272727272727273","0.14","0.06777777777777778","0.649090909090909","GUERIN","Frustration/","2016-05-16T10:02:03.867Z"
"266","fiche de lecture ","http://vps273360.ovh.net:8080/public/ImageCours/ChapitreMelot/0002.jpg","0.10363636363636364","0.26222222222222225","0.6355555555555555","0.17","GUERIN","Engagement/","2016-05-16T10:04:52.303Z"
"267",,"http://vps273360.ovh.net:8080/public/ImageCours/ChapitreMelot/0003.jpg","0.11090909090909092","0.26555555555555554","0.43666666666666665","0.37636363636363634","GUERIN","Engagement/","2016-05-16T10:06:41.861Z"
"268",,"http://vps273360.ovh.net:8080/public/ImageCours/ChapitreMelot/0004.jpg","0.05","0.27111111111111114","0.10666666666666667","0.41","GUERIN",,"2016-05-16T10:07:46.616Z"
"269",,"http://vps273360.ovh.net:8080/public/ImageCours/ChapitreMelot/0004.jpg","0.060909090909090906","0.26","0.10666666666666667","0.6981818181818182","GUERIN","Engagement/","2016-05-16T10:08:27.135Z"
"270",,"http://vps273360.ovh.net:8080/public/ImageCours/ChapitreMelot/0004.jpg","0.05545454545454546","0.2811111111111111","0.09111111111111111","0.88","GUERIN","Engagement/","2016-05-16T10:08:49.738Z"
"271","fiche de lecture","http://vps273360.ovh.net:8080/public/ImageCours/ChapitreMelot/0004.jpg","0.16363636363636364","0.2633333333333333","0.38666666666666666","0.43","GUERIN","Engagement/","2016-05-16T10:09:20.808Z"
"272",,"http://vps273360.ovh.net:8080/public/ImageCours/ChapitreMelot/0004.jpg","0.06545454545454546","0.2688888888888889","0.38","0.8563636363636363","GUERIN","Engagement/","2016-05-16T10:10:33.716Z"
"273",,"http://vps273360.ovh.net:8080/public/ImageCours/ChapitreMelot/0004.jpg","0.10363636363636364","0.2588888888888889","0.6611111111111111","0.4781818181818182","GUERIN","Engagement/","2016-05-16T10:10:54.880Z"
"274","important - fiche de lecture","http://vps273360.ovh.net:8080/public/ImageCours/ChapitreMelot/0004.jpg","0.08636363636363636","0.25333333333333335","0.6622222222222223","0.6181818181818182","GUERIN","Engagement/","2016-05-16T10:11:46.962Z"
"275",,"http://vps273360.ovh.net:8080/public/ImageCours/ChapitreMelot/0004.jpg","0.17272727272727273","0.2577777777777778","0.6622222222222223","0.7654545454545455","GUERIN","Engagement/","2016-05-16T10:12:17.345Z"
"276",,"http://vps273360.ovh.net:8080/public/ImageCours/ChapitreMelot/0005.jpg","0.09636363636363636","0.25666666666666665","0.43444444444444447","0.25363636363636366","GUERIN",,"2016-05-16T10:13:46.571Z"
"277",,"http://vps273360.ovh.net:8080/public/ImageCours/ChapitreMelot/0005.jpg","0.06727272727272728","0.25222222222222224","0.4266666666666667","0.37","GUERIN","Engagement/","2016-05-16T10:13:59.175Z"
"278",,"http://vps273360.ovh.net:8080/public/ImageCours/ChapitreMelot/0005.jpg","0.035454545454545454","0.2811111111111111","0.7066666666666667","0.12","GUERIN","Engagement/","2016-05-16T10:14:13.499Z"
"279","Ces résultats donnent envie d'en savoir davantage et je serai également curieuse de voir les réelles conditions de l'expérimentation. Cette étude montre bien à quel point une condition de contrôle est nécessaire. Mais je vais devoir encore me creuser la tê","http://vps273360.ovh.net:8080/public/ImageCours/ChapitreSodian/0010.jpg","0.5654545454545454","0.8711111111111111","0.03888888888888889","0.2081818181818182","Elodie%20Brun","Plaisir/Curiosite/Engagement/Confusion/","2016-05-16T11:37:58.921Z"
"280",,"http://vps273360.ovh.net:8080/public/ImageCours/ChapitreSodian/0001.jpg","0.038181818181818185","0.9055555555555556","0.06444444444444444","0.5081818181818182","Di%20Benedetto","Surprise/","2016-05-17T12:32:18.063Z"
"281",,"http://vps273360.ovh.net:8080/public/ImageCours/ChapitreSodian/0002.jpg","0.01","0.22555555555555556","0.67","0.47909090909090907","Di%20Benedetto","Surprise/","2016-05-17T12:33:46.723Z"
"282","important ","http://vps273360.ovh.net:8080/public/ImageCours/ChapitreSodian/0003.jpg","0.09272727272727273","0.7566666666666667","0.16444444444444445","0.12363636363636364","Di%20Benedetto","Curiosite/","2016-05-17T12:45:06.993Z"
"283","critique; en lien avec la difficulté de la tâche ","http://vps273360.ovh.net:8080/public/ImageCours/ChapitreSodian/0003.jpg","0.012727272727272728","0.13666666666666666","0.3211111111111111","0.25727272727272726","Di%20Benedetto","Curiosite/","2016-05-17T12:46:27.781Z"
"284",,"http://vps273360.ovh.net:8080/public/ImageCours/ChapitreSodian/0003.jpg","0.016363636363636365","0.1688888888888889","0.5755555555555556","0.39545454545454545","Di%20Benedetto","Curiosite/","2016-05-17T12:48:17.561Z"
"285","important
","http://vps273360.ovh.net:8080/public/ImageCours/ChapitreSodian/0003.jpg","0.08181818181818182","0.7811111111111111","0.14888888888888888","0.64","Di%20Benedetto","Curiosite/","2016-05-17T12:49:44.294Z"
"286",,"http://vps273360.ovh.net:8080/public/ImageCours/ChapitreSodian/0003.jpg","0.034545454545454546","0.08","0.8277777777777777","0.7609090909090909","Di%20Benedetto",,"2016-05-17T12:50:30.578Z"
"287",,"http://vps273360.ovh.net:8080/public/ImageCours/ChapitreSodian/0003.jpg","0.05","0.7433333333333333","0.12222222222222222","0.7781818181818182","Di%20Benedetto","Surprise/","2016-05-17T12:50:44.273Z"
"288","point clé","http://vps273360.ovh.net:8080/public/ImageCours/ChapitreSodian/0003.jpg","0.057272727272727274","0.8133333333333334","0.11444444444444445","0.8463636363636363","Di%20Benedetto","Curiosite/","2016-05-17T12:54:13.115Z"
"289",,"http://vps273360.ovh.net:8080/public/ImageCours/ChapitreSodian/0004.jpg","0.011818181818181818","0.5044444444444445","0.18444444444444444","0.38","Di%20Benedetto","Surprise/","2016-05-17T12:57:13.961Z"
"290","hypothèse","http://vps273360.ovh.net:8080/public/ImageCours/ChapitreSodian/0004.jpg","0.025454545454545455","0.8088888888888889","0.07777777777777778","0.48818181818181816","Di%20Benedetto","Curiosite/","2016-05-17T12:58:20.950Z"
"291","nouvelle recherche","http://vps273360.ovh.net:8080/public/ImageCours/ChapitreSodian/0004.jpg","0.25727272727272726","0.82","0.07222222222222222","0.6027272727272728","Di%20Benedetto","Plaisir/","2016-05-17T13:00:46.893Z"
"292",,"http://vps273360.ovh.net:8080/public/ImageCours/ChapitreSodian/0004.jpg","0.03636363636363636","0.7766666666666666","0.1111111111111111","0.8663636363636363","Di%20Benedetto",,"2016-05-17T13:02:33.002Z"
"293","résultats","http://vps273360.ovh.net:8080/public/ImageCours/ChapitreSodian/0005.jpg","0.11818181818181818","0.8277777777777777","0.1","0.12090909090909091","Di%20Benedetto","Curiosite/","2016-05-17T13:03:00.938Z"
"294","Attention; ","http://vps273360.ovh.net:8080/public/ImageCours/ChapitreSodian/0005.jpg","0.042727272727272725","0.84","0.11333333333333333","0.24727272727272728","Di%20Benedetto","Curiosite/","2016-05-17T13:04:26.438Z"
"295","un autre type de recherche","http://vps273360.ovh.net:8080/public/ImageCours/ChapitreSodian/0005.jpg","0.014545454545454545","0.32222222222222224","0.14777777777777779","0.29545454545454547","Di%20Benedetto","Curiosite/","2016-05-17T13:06:47.080Z"
"296","pas toujours tout simple!!!!","http://vps273360.ovh.net:8080/public/ImageCours/ChapitreSodian/0005.jpg","0.1","0.7933333333333333","0.13333333333333333","0.2990909090909091","Di%20Benedetto","Confusion/","2016-05-17T14:18:54.627Z"
"297","important","http://vps273360.ovh.net:8080/public/ImageCours/ChapitreSodian/0005.jpg","0.09909090909090909","0.8322222222222222","0.12222222222222222","0.59","Di%20Benedetto","Curiosite/","2016-05-17T14:20:47.045Z"
"298",,"http://vps273360.ovh.net:8080/public/ImageCours/ChapitreSodian/0005.jpg","0.02727272727272727","0.8422222222222222","0.12","0.8","Di%20Benedetto","Curiosite/","2016-05-17T14:24:05.328Z"
"299","Différence de procédure entre les deux expériences","http://vps273360.ovh.net:8080/public/ImageCours/ChapitreSodian/0005.jpg","0.06545454545454546","0.8466666666666667","0.10444444444444445","0.7990909090909091","Di%20Benedetto",,"2016-05-17T14:25:45.479Z"
"300",,"http://vps273360.ovh.net:8080/public/ImageCours/ChapitreSodian/0005.jpg","0.06","0.82","0.11444444444444445","0.87","Di%20Benedetto",,"2016-05-17T14:27:38.829Z"
"301",,"http://vps273360.ovh.net:8080/public/ImageCours/ChapitreSodian/0006.jpg","0.03090909090909091","0.8177777777777778","0.07666666666666666","0.12181818181818181","Di%20Benedetto","Surprise/","2016-05-17T14:27:46.098Z"
"302","pas si simple","http://vps273360.ovh.net:8080/public/ImageCours/ChapitreSodian/0006.jpg","0.13636363636363635","0.8222222222222222","0.06666666666666667","0.1572727272727273","Di%20Benedetto","Confusion/","2016-05-17T14:28:56.720Z"
"303","intéressant","http://vps273360.ovh.net:8080/public/ImageCours/ChapitreSodian/0006.jpg","0.053636363636363635","0.8711111111111111","0.06333333333333334","0.5009090909090909","Di%20Benedetto","Plaisir/","2016-05-17T14:31:16.765Z"
"304","ce mot me rappelle le cours des statistiques ","http://vps273360.ovh.net:8080/public/ImageCours/ChapitreSodian/0006.jpg","0.015454545454545455","0.1622222222222222","0.7155555555555555","0.8654545454545455","Di%20Benedetto","Surprise/","2016-05-17T14:35:00.799Z"
"305",,"http://vps273360.ovh.net:8080/public/ImageCours/ChapitreSodian/0007.jpg","0.04909090909090909","0.8111111111111111","0.11222222222222222","0.7127272727272728","Di%20Benedetto","Curiosite/","2016-05-17T14:46:31.560Z"
"306","Tromperie","http://vps273360.ovh.net:8080/public/ImageCours/ChapitreSodian/0008.jpg","0.03","0.5355555555555556","0.3288888888888889","0.1290909090909091","Di%20Benedetto","Curiosite/","2016-05-17T14:51:22.978Z"
"307","pseudo-tromperie","http://vps273360.ovh.net:8080/public/ImageCours/ChapitreSodian/0008.jpg","0.04090909090909091","0.8188888888888889","0.056666666666666664","0.5327272727272727","Di%20Benedetto",,"2016-05-17T14:51:48.246Z"
"308","ça m'intéresse beaucoup!!","http://vps273360.ovh.net:8080/public/ImageCours/ChapitreMelot/0001.jpg","0.15454545454545454","0.7433333333333333","0.14444444444444443","0.09727272727272727","M%C3%BChlemann","Engagement/","2016-05-18T09:07:54.858Z"
"309","Je me demande du coup si tous les adultes évoluent assez pour comprendre que chacun a sa réalité physique et sociale, où si certains ne restent pas coincé dans le mode enfant et on de la peine à comprendre que leur point de vue n'est pas celui des autres.","http://vps273360.ovh.net:8080/public/ImageCours/ChapitreMelot/0001.jpg","0.10909090909090909","0.7722222222222223","0.14555555555555555","0.28","M%C3%BChlemann","Curiosite/","2016-05-18T09:09:55.558Z"
"310","Génial
Carrément je crois que je sait qu'il croit qu'il sait... selon l'éducation, la vie et les expériences de chacun. Et attention aux jugements!!","http://vps273360.ovh.net:8080/public/ImageCours/ChapitreMelot/0001.jpg","0.15181818181818182","0.17555555555555555","0.13777777777777778","0.6209090909090909","M%C3%BChlemann","Curiosite/","2016-05-18T09:13:18.527Z"
"311",,"http://vps273360.ovh.net:8080/public/ImageCours/ChapitreMelot/0001.jpg","0.10545454545454545","0.5377777777777778","0.41888888888888887","0.4090909090909091","M%C3%BChlemann","Engagement/","2016-05-18T09:14:11.005Z"
"312","Comment les enfants ressentent les actions des autres et comment ils réagissent... super chou","http://vps273360.ovh.net:8080/public/ImageCours/ChapitreMelot/0001.jpg","0.1690909090909091","0.17777777777777778","0.7688888888888888","0.69","M%C3%BChlemann","Curiosite/","2016-05-18T09:17:36.751Z"
"313","hahaha oui nous sommes tous borné pour avoir raison mais une découverte est sensé être un outil pour faire d'autres découvertes et c'est comme ceci que la science avance!!","http://vps273360.ovh.net:8080/public/ImageCours/ChapitreMelot/0002.jpg","0.14727272727272728","0.2611111111111111","0.07888888888888888","0.13454545454545455","M%C3%BChlemann","Plaisir/","2016-05-18T09:19:25.901Z"
"314","apporter le nounours de l'autre enfant à l'autre enfant","http://vps273360.ovh.net:8080/public/ImageCours/ChapitreMelot/0002.jpg","0.31727272727272726","0.2411111111111111","0.07","0.3372727272727273","M%C3%BChlemann","Plaisir/","2016-05-18T09:23:51.276Z"
"315","représentation conçues comme entité mentales vs copies du réel","http://vps273360.ovh.net:8080/public/ImageCours/ChapitreMelot/0002.jpg","0.08727272727272728","0.26666666666666666","0.04777777777777778","0.76","M%C3%BChlemann","Curiosite/","2016-05-18T09:26:25.073Z"
"316",,"http://vps273360.ovh.net:8080/public/ImageCours/ChapitreMelot/0002.jpg","0.08727272727272728","0.26","0.34555555555555556","0.35","M%C3%BChlemann","Curiosite/","2016-05-18T09:27:36.657Z"
"317","objectif vs subjectif","http://vps273360.ovh.net:8080/public/ImageCours/ChapitreMelot/0002.jpg","0.0809090909090909","0.2644444444444444","0.6255555555555555","0.3018181818181818","M%C3%BChlemann",,"2016-05-18T09:29:14.648Z"
"318",,"http://vps273360.ovh.net:8080/public/ImageCours/ChapitreMelot/0002.jpg","0.01","0.25666666666666665","0.6255555555555555","0.43363636363636365","M%C3%BChlemann","Curiosite/","2016-05-18T09:30:04.117Z"
"319","objectif","http://vps273360.ovh.net:8080/public/ImageCours/ChapitreMelot/0003.jpg","0.08818181818181818","0.2633333333333333","0.1622222222222222","0.42727272727272725","M%C3%BChlemann",,"2016-05-18T09:31:30.693Z"
"320","subjectif-&gt;Maxi
","http://vps273360.ovh.net:8080/public/ImageCours/ChapitreMelot/0003.jpg","0.10272727272727272","0.25666666666666665","0.4388888888888889","0.2018181818181818","M%C3%BChlemann",,"2016-05-18T09:32:00.972Z"
"321",,"http://vps273360.ovh.net:8080/public/ImageCours/ChapitreMelot/0003.jpg","0.11","0.26","0.43777777777777777","0.37636363636363634","M%C3%BChlemann","Plaisir/","2016-05-18T09:32:40.858Z"
"322","Super!! ","http://vps273360.ovh.net:8080/public/ImageCours/ChapitreMelot/0004.jpg","0.08545454545454545","0.2633333333333333","0.11222222222222222","0.41818181818181815","M%C3%BChlemann","Plaisir/","2016-05-18T09:33:42.856Z"
"323",,"http://vps273360.ovh.net:8080/public/ImageCours/ChapitreMelot/0004.jpg","0.06363636363636363","0.26222222222222225","0.10777777777777778","0.8154545454545454","M%C3%BChlemann","Engagement/","2016-05-18T09:37:53.617Z"
"324","Les gens utilisent ceci plus tard pour se pièger entre eux ou pièger des enfants, ce qui n'est pas toujours très sympa... perte de confiance en soi...","http://vps273360.ovh.net:8080/public/ImageCours/ChapitreMelot/0004.jpg","0.15818181818181817","0.26222222222222225","0.38666666666666666","0.43363636363636365","M%C3%BChlemann","Anxiete/","2016-05-18T09:40:03.975Z"
"325",,"http://vps273360.ovh.net:8080/public/ImageCours/ChapitreMelot/0004.jpg","0.07909090909090909","0.25666666666666665","0.3877777777777778","0.6772727272727272","M%C3%BChlemann","Engagement/","2016-05-18T09:42:21.759Z"
"326","ça ne sert donc à rien de s'acharner sur un enfant pour qu'il comprenne ceci avant 5 ans","http://vps273360.ovh.net:8080/public/ImageCours/ChapitreMelot/0004.jpg","0.1590909090909091","0.2544444444444444","0.6622222222222223","0.42","M%C3%BChlemann","Plaisir/","2016-05-18T09:43:58.565Z"
"327",,"http://vps273360.ovh.net:8080/public/ImageCours/ChapitreMelot/0004.jpg","0.09454545454545454","0.2688888888888889","0.66","0.6036363636363636","M%C3%BChlemann","Curiosite/Engagement/","2016-05-18T09:44:40.316Z"
"328","ind diff
rep diff","http://vps273360.ovh.net:8080/public/ImageCours/ChapitreMelot/0004.jpg","0.053636363636363635","0.2577777777777778","0.6577777777777778","0.7909090909090909","M%C3%BChlemann","Curiosite/","2016-05-18T09:45:26.937Z"
"329","1 ind
diff rep","http://vps273360.ovh.net:8080/public/ImageCours/ChapitreMelot/0004.jpg","0.07818181818181819","0.25222222222222224","0.6577777777777778","0.8572727272727273","M%C3%BChlemann","Curiosite/","2016-05-18T09:45:48.965Z"
"330","trop chou!!","http://vps273360.ovh.net:8080/public/ImageCours/ChapitreMelot/0005.jpg","0.04","0.2611111111111111","0.4388888888888889","0.21","M%C3%BChlemann","Curiosite/Engagement/","2016-05-18T09:47:20.266Z"
"331","1 réalité
diff. représentations","http://vps273360.ovh.net:8080/public/ImageCours/ChapitreMelot/0005.jpg","0.1","0.25333333333333335","0.43777777777777777","0.24909090909090909","M%C3%BChlemann",,"2016-05-18T09:48:55.084Z"
"332",,"http://vps273360.ovh.net:8080/public/ImageCours/ChapitreMelot/0005.jpg","0.05545454545454546","0.26222222222222225","0.72","0.09454545454545454","M%C3%BChlemann","Curiosite/","2016-05-18T09:49:32.985Z"
"333","1 personne
1 réalité
plusieurs représentations contradictoires","http://vps273360.ovh.net:8080/public/ImageCours/ChapitreMelot/0005.jpg","0.07818181818181819","0.26555555555555554","0.7133333333333334","0.19818181818181818","M%C3%BChlemann","Engagement/","2016-05-18T09:50:31.547Z"
"334","deux types d'erreurs
réaliste (ressemble à ce que ce n'est pas)
 vs phénoméniste (est ce à quoi ça ressemble)","http://vps273360.ovh.net:8080/public/ImageCours/ChapitreMelot/0005.jpg","0.06454545454545454","0.26","0.6911111111111111","0.5881818181818181","M%C3%BChlemann","Curiosite/Engagement/","2016-05-18T09:52:56.371Z"
"335",,"http://vps273360.ovh.net:8080/public/ImageCours/ChapitreMelot/0005.jpg","0.06818181818181818","0.25333333333333335","0.6855555555555556","0.8136363636363636","M%C3%BChlemann","Engagement/","2016-05-18T09:53:43.348Z"
"336","deux représentations contradictoires!!","http://vps273360.ovh.net:8080/public/ImageCours/ChapitreMelot/0006.jpg","0.09363636363636364","0.2544444444444444","0.07555555555555556","0.45181818181818184","M%C3%BChlemann","Anxiete/Curiosite/","2016-05-18T09:54:18.342Z"
"337",,"http://vps273360.ovh.net:8080/public/ImageCours/ChapitreMelot/0006.jpg","0.12","0.26222222222222225","0.06555555555555556","0.6018181818181818","M%C3%BChlemann","Plaisir/Curiosite/Engagement/","2016-05-18T09:55:28.674Z"
"338",,"http://vps273360.ovh.net:8080/public/ImageCours/ChapitreMelot/0006.jpg","0.04909090909090909","0.25666666666666665","0.05555555555555555","0.8145454545454546","M%C3%BChlemann","Plaisir/Surprise/","2016-05-18T09:57:37.636Z"
"339",,"http://vps273360.ovh.net:8080/public/ImageCours/ChapitreMelot/0006.jpg","0.07181818181818182","0.2511111111111111","0.33555555555555555","0.7836363636363637","M%C3%BChlemann","Curiosite/Engagement/","2016-05-18T09:58:31.949Z"
"340",,"http://vps273360.ovh.net:8080/public/ImageCours/ChapitreMelot/0006.jpg","0.03909090909090909","0.2611111111111111","0.32555555555555554","0.8581818181818182","M%C3%BChlemann","Surprise/","2016-05-18T09:58:42.900Z"
"341","Attention!!","http://vps273360.ovh.net:8080/public/ImageCours/ChapitreMelot/0006.jpg","0.03363636363636364","0.26666666666666666","0.6188888888888889","0.5681818181818182","M%C3%BChlemann","Surprise/","2016-05-18T09:59:01.966Z"
"342","okay","http://vps273360.ovh.net:8080/public/ImageCours/ChapitreMelot/0006.jpg","0.12545454545454546","0.2544444444444444","0.6144444444444445","0.6563636363636364","M%C3%BChlemann","Plaisir/Curiosite/Engagement/Surprise/","2016-05-18T09:59:27.300Z"
"343","75% tortue à l'envers à l'endroit puis
livre-boite puis
boite ac stylo","http://vps273360.ovh.net:8080/public/ImageCours/ChapitreMelot/0006.jpg","0.13454545454545455","0.2544444444444444","0.6044444444444445","0.8172727272727273","M%C3%BChlemann","Plaisir/Curiosite/Engagement/","2016-05-18T10:02:14.159Z"
"344","Objectif de l'étude","http://vps273360.ovh.net:8080/public/ImageCours/ChapitreSodian/0001.jpg","0.028181818181818183","0.5722222222222222","0.22555555555555556","0.53","Aminian","Curiosite/","2016-05-19T06:37:16.456Z"
"345",,"http://vps273360.ovh.net:8080/public/ImageCours/ChapitreSodian/0003.jpg","0.05545454545454546","0.8022222222222222","0.12777777777777777","0.21545454545454545","Aminian","Engagement/","2016-05-19T06:40:19.319Z"
"346","Intéressant","http://vps273360.ovh.net:8080/public/ImageCours/ChapitreSodian/0003.jpg","0.07454545454545454","0.8011111111111111","0.13","0.3054545454545455","Aminian","Engagement/","2016-05-19T06:42:35.351Z"
"347","Intéressant. Découverte de ces stades de développement que je connais mal","http://vps273360.ovh.net:8080/public/ImageCours/ChapitreSodian/0003.jpg","0.035454545454545454","0.8044444444444444","0.1288888888888889","0.6854545454545454","Aminian","Engagement/","2016-05-19T06:44:16.016Z"
"348","Distinction dans les formes de stratégies","http://vps273360.ovh.net:8080/public/ImageCours/ChapitreSodian/0003.jpg","0.05090909090909091","0.7977777777777778","0.12777777777777777","0.7736363636363637","Aminian","Curiosite/","2016-05-19T06:49:31.447Z"
"349","Nuance les notions d'âge","http://vps273360.ovh.net:8080/public/ImageCours/ChapitreSodian/0004.jpg","0.03363636363636364","0.8044444444444444","0.06777777777777778","0.2581818181818182","Aminian","Surprise/","2016-05-19T06:54:09.283Z"
"350","Distinction entre compréhension cause/effet","http://vps273360.ovh.net:8080/public/ImageCours/ChapitreSodian/0004.jpg","0.05909090909090909","0.7988888888888889","0.08444444444444445","0.5472727272727272","Aminian","Curiosite/","2016-05-19T06:56:36.550Z"
"352",,"http://vps273360.ovh.net:8080/public/ImageCours/ChapitreSodian/0004.jpg","0.0890909090909091","0.8077777777777778","0.07666666666666666","0.7718181818181818","Aminian","Curiosite/","2016-05-19T07:13:36.559Z"
"353","Conclusion : pas de preuves significatives d'une théorie de l'esprit en-dessous de 4 ans","http://vps273360.ovh.net:8080/public/ImageCours/ChapitreSodian/0005.jpg","0.1809090909090909","0.8044444444444444","0.11555555555555555","0.11181818181818182","Aminian","Curiosite/","2016-05-19T07:15:01.845Z"
"354","Dois relire les phrases plusieurs fois - style lourd","http://vps273360.ovh.net:8080/public/ImageCours/ChapitreSodian/0005.jpg","0.045454545454545456","0.7933333333333333","0.12333333333333334","0.3336363636363636","Aminian","Curiosite/Confusion/","2016-05-19T07:18:57.084Z"
"355","But de l'article, (enfin!) 
Lire à l'écran, le thème de l'article (peu d'intérêt initial, mais ouverte) et le style du texte génèrent un léger début d'ennui. ","http://vps273360.ovh.net:8080/public/ImageCours/ChapitreSodian/0005.jpg","0.035454545454545454","0.7988888888888889","0.11888888888888889","0.4127272727272727","Aminian","Ennui/","2016-05-19T07:23:42.842Z"
"356",,"http://vps273360.ovh.net:8080/public/ImageCours/ChapitreSodian/0005.jpg","0.13545454545454547","0.8022222222222222","0.11888888888888889","0.4509090909090909","Aminian","Curiosite/","2016-05-19T07:25:54.789Z"
"357",,"http://vps273360.ovh.net:8080/public/ImageCours/ChapitreSodian/0005.jpg","0.10818181818181818","0.7911111111111111","0.12444444444444444","0.7518181818181818","Aminian","Curiosite/","2016-05-19T07:30:05.202Z"
"358","Remise en cause des conclusions. Retour à la case départ","http://vps273360.ovh.net:8080/public/ImageCours/ChapitreSodian/0006.jpg","0.026363636363636363","0.8277777777777777","0.06555555555555556","0.12454545454545454","Aminian","Ennui/Confusion/","2016-05-19T07:32:08.730Z"
"359","On entre dans une partie plus pragamatique","http://vps273360.ovh.net:8080/public/ImageCours/ChapitreSodian/0006.jpg","0.03636363636363636","0.8366666666666667","0.05","0.20363636363636364","Aminian","Curiosite/","2016-05-19T07:33:22.247Z"
"360","Base","http://vps273360.ovh.net:8080/public/ImageCours/ChapitreSodian/0006.jpg","0.10181818181818182","0.8044444444444444","0.06888888888888889","0.3090909090909091","Aminian","Curiosite/","2016-05-19T07:49:19.555Z"
"361","Condition pseudo-tromperie","http://vps273360.ovh.net:8080/public/ImageCours/ChapitreSodian/0008.jpg","0.03636363636363636","0.7766666666666666","0.08777777777777777","0.5354545454545454","Aminian",,"2016-05-19T07:56:07.882Z"
"362","Résultat significatif","http://vps273360.ovh.net:8080/public/ImageCours/ChapitreSodian/0009.jpg","0.05090909090909091","0.8011111111111111","0.14222222222222222","0.14","Aminian","Curiosite/","2016-05-19T07:57:11.542Z"
"363",,"http://vps273360.ovh.net:8080/public/ImageCours/ChapitreSodian/0010.jpg","0.05454545454545454","0.8033333333333333","0.06111111111111111","0.3209090909090909","Aminian","Curiosite/","2016-05-19T07:58:55.422Z"
"364","30% considérés comme une minorité non significative?","http://vps273360.ovh.net:8080/public/ImageCours/ChapitreSodian/0010.jpg","0.06272727272727273","0.8111111111111111","0.05555555555555555","0.43454545454545457","Aminian","Surprise/","2016-05-19T07:59:42.642Z"
"365",,"http://vps273360.ovh.net:8080/public/ImageCours/ChapitreSodian/0010.jpg","0.05545454545454546","0.8333333333333334","0.03666666666666667","0.53","Aminian","Curiosite/","2016-05-19T08:01:33.608Z"
"366","distinction entre compréhension de comportements et d'états mentaux","http://vps273360.ovh.net:8080/public/ImageCours/ChapitreSodian/0010.jpg","0.038181818181818185","0.8088888888888889","0.058888888888888886","0.5981818181818181","Aminian","Curiosite/","2016-05-19T08:02:20.337Z"
"367","Intéressant - regain d'intérêt à partir de l'étude concrète","http://vps273360.ovh.net:8080/public/ImageCours/ChapitreSodian/0010.jpg","0.05909090909090909","0.8155555555555556","0.052222222222222225","0.6609090909090909","Aminian","Curiosite/","2016-05-19T08:03:16.442Z"
"368","test","http://vps273360.ovh.net:8080/public/ImageCours/ChapitreMelot/0001.jpg","0.08","0.2633333333333333","0.6077777777777778","0.18","sophie%20caverzasio",,"2016-05-19T17:56:15.455Z"
"369",,"http://vps273360.ovh.net:8080/public/ImageCours/ChapitreMelot/0001.jpg","0.08727272727272728","0.19555555555555557","0.7566666666666667","0.5290909090909091","sophie%20caverzasio",,"2016-05-19T17:59:20.181Z"
"370",,"http://vps273360.ovh.net:8080/public/ImageCours/ChapitreMelot/0001.jpg","0.18727272727272729","0.17666666666666667","0.7688888888888888","0.6672727272727272","sophie%20caverzasio",,"2016-05-19T17:59:42.633Z"
"371",,"http://vps273360.ovh.net:8080/public/ImageCours/ChapitreMelot/0002.jpg","0.24818181818181817","0.25","0.06777777777777778","0.4036363636363636","sophie%20caverzasio",,"2016-05-19T18:05:37.681Z"
"372",,"http://vps273360.ovh.net:8080/public/ImageCours/ChapitreMelot/0002.jpg","0.09727272727272727","0.25666666666666665","0.6377777777777778","0.17454545454545456","sophie%20caverzasio","Engagement/","2016-05-19T18:08:33.781Z"
"373",,"http://vps273360.ovh.net:8080/public/ImageCours/ChapitreMelot/0004.jpg","0.11636363636363636","0.2722222222222222","0.10111111111111111","0.7636363636363637","sophie%20caverzasio","Engagement/","2016-05-19T18:14:46.746Z"
"374",,"http://vps273360.ovh.net:8080/public/ImageCours/ChapitreMelot/0004.jpg","0.1009090909090909","0.2611111111111111","0.39111111111111113","0.5054545454545455","sophie%20caverzasio","Engagement/","2016-05-19T18:15:28.767Z"
"375",,"http://vps273360.ovh.net:8080/public/ImageCours/ChapitreMelot/0004.jpg","0.09727272727272727","0.26555555555555554","0.6588888888888889","0.4809090909090909","sophie%20caverzasio","Engagement/","2016-05-19T18:16:59.032Z"
"376",,"http://vps273360.ovh.net:8080/public/ImageCours/ChapitreMelot/0006.jpg","0.1190909090909091","0.2544444444444444","0.6144444444444445","0.6645454545454546","sophie%20caverzasio","Engagement/","2016-05-19T18:22:42.358Z"
"377","etat des recherches","http://vps273360.ovh.net:8080/public/ImageCours/ChapitreSodian/0003.jpg","0.07363636363636364","0.8","0.12666666666666668","0.11272727272727273","sophie%20caverzasio",,"2016-05-19T18:29:33.877Z"
"378","sujet de l'etude dans son contexte","http://vps273360.ovh.net:8080/public/ImageCours/ChapitreSodian/0003.jpg","0.11727272727272728","0.7955555555555556","0.13666666666666666","0.3090909090909091","sophie%20caverzasio",,"2016-05-19T18:30:38.346Z"
"379",,"http://vps273360.ovh.net:8080/public/ImageCours/ChapitreSodian/0004.jpg","0.045454545454545456","0.8077777777777778","0.08333333333333333","0.8590909090909091","sophie%20caverzasio","Engagement/","2016-05-19T18:34:50.681Z"
"380",,"http://vps273360.ovh.net:8080/public/ImageCours/ChapitreSodian/0005.jpg","0.17909090909090908","0.8011111111111111","0.12222222222222222","0.11363636363636363","sophie%20caverzasio","Engagement/","2016-05-19T18:35:07.566Z"
"381",,"http://vps273360.ovh.net:8080/public/ImageCours/ChapitreSodian/0005.jpg","0.10818181818181818","0.8122222222222222","0.12777777777777777","0.5809090909090909","sophie%20caverzasio",,"2016-05-19T18:36:06.025Z"
"382",,"http://vps273360.ovh.net:8080/public/ImageCours/ChapitreSodian/0010.jpg","0.1709090909090909","0.8055555555555556","0.06444444444444444","0.3190909090909091","sophie%20caverzasio","Engagement/","2016-05-19T18:40:43.383Z"
"383","à mettre en pratique avec mon fils de 3 ans...!","http://vps273360.ovh.net:8080/public/ImageCours/ChapitreSodian/0010.jpg","0.10545454545454545","0.7944444444444444","0.06888888888888889","0.6527272727272727","sophie%20caverzasio",,"2016-05-19T18:41:46.286Z"
"384",,"http://vps273360.ovh.net:8080/public/ImageCours/ChapitreSodian/0001.jpg","0.035454545454545454","0.8722222222222222","0.06222222222222222","0.5409090909090909","M%C3%BChlemann","Curiosite/","2016-05-20T09:14:06.208Z"
"385",,"http://vps273360.ovh.net:8080/public/ImageCours/ChapitreSodian/0003.jpg","0.05090909090909091","0.7911111111111111","0.1322222222222222","0.1318181818181818","M%C3%BChlemann","Engagement/","2016-05-20T09:26:16.056Z"
"386","base de la recherche","http://vps273360.ovh.net:8080/public/ImageCours/ChapitreSodian/0003.jpg","0.035454545454545454","0.7944444444444444","0.13444444444444445","0.2190909090909091","M%C3%BChlemann","Engagement/","2016-05-20T09:26:42.422Z"
"387",,"http://vps273360.ovh.net:8080/public/ImageCours/ChapitreSodian/0003.jpg","0.013636363636363636","0.22333333333333333","0.5755555555555556","0.2918181818181818","M%C3%BChlemann","Curiosite/","2016-05-20T09:28:47.600Z"
"388","Empathie!!! Problème de communication!! Se mettre à la place des autres!! Bonne idée! J'aime beaucoup!","http://vps273360.ovh.net:8080/public/ImageCours/ChapitreSodian/0003.jpg","0.03272727272727273","0.7966666666666666","0.1322222222222222","0.3390909090909091","M%C3%BChlemann",,"2016-05-20T09:29:58.080Z"
"389",,"http://vps273360.ovh.net:8080/public/ImageCours/ChapitreSodian/0003.jpg","0.06909090909090909","0.7977777777777778","0.13","0.5654545454545454","M%C3%BChlemann","Curiosite/Engagement/","2016-05-20T09:30:46.717Z"
"390",,"http://vps273360.ovh.net:8080/public/ImageCours/ChapitreSodian/0003.jpg","0.05","0.7944444444444444","0.13555555555555557","0.6718181818181819","M%C3%BChlemann","Curiosite/","2016-05-20T09:31:17.871Z"
"391","corrélation tromperie-théorie de l'esprit corrélée!","http://vps273360.ovh.net:8080/public/ImageCours/ChapitreSodian/0003.jpg","0.053636363636363635","0.79","0.13444444444444445","0.7718181818181818","M%C3%BChlemann",,"2016-05-20T09:31:55.953Z"
"392","difficulté pour - de 3 ans
","http://vps273360.ovh.net:8080/public/ImageCours/ChapitreSodian/0003.jpg","0.015454545454545455","0.22777777777777777","0.13555555555555557","0.8763636363636363","M%C3%BChlemann","Engagement/","2016-05-20T09:33:28.167Z"
"393","maitrisé par - de 3 ans
","http://vps273360.ovh.net:8080/public/ImageCours/ChapitreSodian/0004.jpg","0.01818181818181818","0.23777777777777778","0.08555555555555555","0.11818181818181818","M%C3%BChlemann","Engagement/","2016-05-20T09:33:49.526Z"
"394",,"http://vps273360.ovh.net:8080/public/ImageCours/ChapitreSodian/0004.jpg","0.035454545454545454","0.7977777777777778","0.07888888888888888","0.15181818181818182","M%C3%BChlemann","Curiosite/Engagement/","2016-05-20T09:34:03.995Z"
"395","- de 2 ans, utilisation de tromperie tant en compet qu'en coop","http://vps273360.ovh.net:8080/public/ImageCours/ChapitreSodian/0004.jpg","0.08454545454545455","0.7911111111111111","0.08666666666666667","0.2736363636363636","M%C3%BChlemann","Curiosite/Engagement/","2016-05-20T09:34:56.418Z"
"396","Instinct?","http://vps273360.ovh.net:8080/public/ImageCours/ChapitreSodian/0004.jpg","0.017272727272727273","0.49777777777777776","0.18777777777777777","0.3781818181818182","M%C3%BChlemann","Engagement/","2016-05-20T09:35:16.243Z"
"397","savent mais ne comprennent pas pourquoi","http://vps273360.ovh.net:8080/public/ImageCours/ChapitreSodian/0004.jpg","0.17363636363636364","0.7922222222222223","0.08666666666666667","0.4290909090909091","M%C3%BChlemann","Curiosite/Engagement/","2016-05-20T09:36:16.119Z"
"398",,"http://vps273360.ovh.net:8080/public/ImageCours/ChapitreSodian/0004.jpg","0.07363636363636364","0.7933333333333333","0.08555555555555555","0.6681818181818182","M%C3%BChlemann","Engagement/Surprise/","2016-05-20T09:36:46.642Z"
"399","Dommage
apprentissage du mensonge quand même","http://vps273360.ovh.net:8080/public/ImageCours/ChapitreSodian/0004.jpg","0.08","0.8044444444444444","0.08222222222222222","0.7781818181818182","M%C3%BChlemann","Surprise/","2016-05-20T09:38:49.667Z"
"400","comprennent la croyance dans un contexte facilitateur","http://vps273360.ovh.net:8080/public/ImageCours/ChapitreSodian/0005.jpg","0.08272727272727273","0.7988888888888889","0.12444444444444444","0.6054545454545455","M%C3%BChlemann","Curiosite/Engagement/","2016-05-21T07:03:56.363Z"
"401",,"http://vps273360.ovh.net:8080/public/ImageCours/ChapitreSodian/0002.jpg","0.013636363636363636","0.35777777777777775","0.28444444444444444","0.38181818181818183","catherine%20andr%C3%A9","Curiosite/","2016-05-23T12:23:35.319Z"
"402",,"http://vps273360.ovh.net:8080/public/ImageCours/ChapitreSodian/0002.jpg","0.06636363636363636","0.7011111111111111","0.16777777777777778","0.4490909090909091","catherine%20andr%C3%A9","Engagement/Frustration/","2016-05-23T12:25:00.472Z"
"403","changement conceptuel / développement","http://vps273360.ovh.net:8080/public/ImageCours/ChapitreSodian/0003.jpg","0.06818181818181818","0.7777777777777778","0.14","0.20454545454545456","catherine%20andr%C3%A9","Engagement/","2016-05-23T12:26:24.076Z"
"404",,"http://vps273360.ovh.net:8080/public/ImageCours/ChapitreSodian/0003.jpg","0.07363636363636364","0.4622222222222222","0.46555555555555556","0.5527272727272727","catherine%20andr%C3%A9","Curiosite/","2016-05-23T12:30:01.733Z"
"405",,"http://vps273360.ovh.net:8080/public/ImageCours/ChapitreSodian/0003.jpg","0.04363636363636364","0.7888888888888889","0.13333333333333333","0.7790909090909091","catherine%20andr%C3%A9","Engagement/","2016-05-23T12:31:29.134Z"
"406",,"http://vps273360.ovh.net:8080/public/ImageCours/ChapitreSodian/0004.jpg","0.046363636363636364","0.7911111111111111","0.08222222222222222","0.2781818181818182","catherine%20andr%C3%A9","Engagement/","2016-05-23T12:32:34.804Z"
"407",,"http://vps273360.ovh.net:8080/public/ImageCours/ChapitreSodian/0004.jpg","0.00909090909090909","0.6022222222222222","0.08666666666666667","0.3836363636363636","catherine%20andr%C3%A9","Engagement/","2016-05-23T12:33:09.109Z"
"408",,"http://vps273360.ovh.net:8080/public/ImageCours/ChapitreSodian/0007.jpg","0.014545454545454545","0.43333333333333335","0.3877777777777778","0.7445454545454545","catherine%20andr%C3%A9","Engagement/","2016-05-23T12:43:59.922Z"
"409",,"http://vps273360.ovh.net:8080/public/ImageCours/ChapitreSodian/0007.jpg","0.025454545454545455","0.7977777777777778","0.12444444444444444","0.7990909090909091","catherine%20andr%C3%A9","Engagement/","2016-05-23T12:44:39.655Z"
"410",,"http://vps273360.ovh.net:8080/public/ImageCours/ChapitreSodian/0010.jpg","0.05818181818181818","0.7766666666666666","0.08888888888888889","0.27545454545454545","catherine%20andr%C3%A9","Engagement/","2016-05-23T12:51:02.863Z"
"411",,"http://vps273360.ovh.net:8080/public/ImageCours/ChapitreSodian/0010.jpg","0.09818181818181818","0.7977777777777778","0.058888888888888886","0.39454545454545453","catherine%20andr%C3%A9","Engagement/","2016-05-23T12:52:11.013Z"
"412",,"http://vps273360.ovh.net:8080/public/ImageCours/ChapitreSodian/0003.jpg","0.06636363636363636","0.7866666666666666","0.13","0.30818181818181817","catherine%20andr%C3%A9","Curiosite/","2016-05-23T12:57:52.952Z"
"413",,"http://vps273360.ovh.net:8080/public/ImageCours/ChapitreSodian/0004.jpg","0.09090909090909091","0.5533333333333333","0.3277777777777778","0.39454545454545453","catherine%20andr%C3%A9","Engagement/","2016-05-23T13:01:11.252Z"
"414",,"http://vps273360.ovh.net:8080/public/ImageCours/ChapitreSodian/0004.jpg","0.04090909090909091","0.7955555555555556","0.08777777777777777","0.5545454545454546","catherine%20andr%C3%A9","Engagement/","2016-05-23T13:01:42.684Z"
"415",,"http://vps273360.ovh.net:8080/public/ImageCours/ChapitreSodian/0004.jpg","0.09909090909090909","0.8011111111111111","0.08444444444444445","0.639090909090909","catherine%20andr%C3%A9","Curiosite/Engagement/","2016-05-23T13:02:34.255Z"
"416",,"http://vps273360.ovh.net:8080/public/ImageCours/ChapitreSodian/0004.jpg","0.038181818181818185","0.7655555555555555","0.12222222222222222","0.8636363636363636","catherine%20andr%C3%A9","Engagement/","2016-05-23T13:03:14.004Z"
"417",,"http://vps273360.ovh.net:8080/public/ImageCours/ChapitreSodian/0005.jpg","0.16272727272727272","0.7988888888888889","0.12666666666666668","0.12181818181818181","catherine%20andr%C3%A9","Engagement/","2016-05-23T13:03:35.238Z"
"418",,"http://vps273360.ovh.net:8080/public/ImageCours/ChapitreSodian/0005.jpg","0.20909090909090908","0.8","0.12444444444444444","0.4709090909090909","catherine%20andr%C3%A9","Engagement/","2016-05-23T13:11:51.606Z"
"419",,"http://vps273360.ovh.net:8080/public/ImageCours/ChapitreSodian/0006.jpg","0.07636363636363637","0.8166666666666667","0.07","0.21181818181818182","catherine%20andr%C3%A9","Engagement/","2016-05-23T13:12:57.398Z"
"420","a)// strat de tromperie-tendance dév
b) tromperie active-compr de la croyance
c)tactiques en cond favo","http://vps273360.ovh.net:8080/public/ImageCours/ChapitreSodian/0005.jpg","0.06636363636363636","0.7966666666666666","0.12555555555555556","0.11818181818181818","M%C3%BChlemann","Plaisir/Curiosite/Engagement/","2016-05-23T13:29:35.561Z"
"421","Peur des représailles!!","http://vps273360.ovh.net:8080/public/ImageCours/ChapitreSodian/0005.jpg","0.01818181818181818","0.2","0.12222222222222222","0.2390909090909091","M%C3%BChlemann",,"2016-05-23T13:30:09.546Z"
"422","plus facile de coprendre quand on fait partie de la conspiration, j'aime beaucoup!","http://vps273360.ovh.net:8080/public/ImageCours/ChapitreSodian/0005.jpg","0.09","0.8","0.12222222222222222","0.2927272727272727","M%C3%BChlemann","Curiosite/Engagement/","2016-05-23T13:31:00.862Z"
"423",,"http://vps273360.ovh.net:8080/public/ImageCours/ChapitreSodian/0005.jpg","0.015454545454545455","0.37","0.35555555555555557","0.5","M%C3%BChlemann","Engagement/Surprise/","2016-05-23T13:31:18.171Z"
"424",,"http://vps273360.ovh.net:8080/public/ImageCours/ChapitreSodian/0005.jpg","0.08636363636363636","0.7966666666666666","0.12555555555555556","0.7581818181818182","M%C3%BChlemann","Engagement/Confusion/","2016-05-23T13:32:08.128Z"
"425","ça commence à être difficile à suivre, pas mal abstrait, mais intéressant!!!","http://vps273360.ovh.net:8080/public/ImageCours/ChapitreSodian/0006.jpg","0.03727272727272727","0.8088888888888889","0.07222222222222222","0.11545454545454545","M%C3%BChlemann","Curiosite/Engagement/Confusion/","2016-05-23T13:32:50.974Z"
"426","Mais pas les adultes ?!?","http://vps273360.ovh.net:8080/public/ImageCours/ChapitreMelot/0001.jpg","0.03090909090909091","0.6411111111111111","0.1511111111111111","0.2809090909090909","Sivade","Curiosite/","2016-05-23T13:58:02.133Z"
"427",,"http://vps273360.ovh.net:8080/public/ImageCours/ChapitreMelot/0001.jpg","0.07363636363636364","0.19333333333333333","0.1388888888888889","0.519090909090909","Sivade","Curiosite/","2016-05-23T13:59:58.285Z"
"428",,"http://vps273360.ovh.net:8080/public/ImageCours/ChapitreMelot/0004.jpg","0.11181818181818182","0.28888888888888886","0.09111111111111111","0.7681818181818182","Sivade","Curiosite/","2016-05-23T14:08:23.879Z"
"429",,"http://vps273360.ovh.net:8080/public/ImageCours/ChapitreMelot/0006.jpg","0.038181818181818185","0.27666666666666667","0.06555555555555556","0.46090909090909093","Sivade","Plaisir/","2016-05-23T14:14:07.694Z"
"430",,"http://vps273360.ovh.net:8080/public/ImageCours/ChapitreMelot/0006.jpg","0.06454545454545454","0.27444444444444444","0.6088888888888889","0.66","Sivade","Engagement/","2016-05-23T14:16:48.968Z"
"431",,"http://vps273360.ovh.net:8080/public/ImageCours/ChapitreMelot/0006.jpg","0.04181818181818182","0.27666666666666667","0.6044444444444445","0.7827272727272727","Sivade","Engagement/","2016-05-23T14:17:01.361Z"
"432","voilà voilà!!","http://vps273360.ovh.net:8080/public/ImageCours/ChapitreSodian/0006.jpg","0.05","0.8077777777777778","0.07222222222222222","0.24","M%C3%BChlemann","Curiosite/Engagement/","2016-05-23T15:00:16.100Z"
"433","cool design expérimental!","http://vps273360.ovh.net:8080/public/ImageCours/ChapitreSodian/0007.jpg","0.014545454545454545","0.14666666666666667","0.3055555555555556","0.17","M%C3%BChlemann","Engagement/","2016-05-23T15:01:08.006Z"
"434","fausse croyance","http://vps273360.ovh.net:8080/public/ImageCours/ChapitreSodian/0007.jpg","0.05545454545454546","0.7955555555555556","0.13111111111111112","0.5809090909090909","M%C3%BChlemann","Curiosite/Engagement/","2016-05-23T15:01:47.788Z"
"435","changement de représentation","http://vps273360.ovh.net:8080/public/ImageCours/ChapitreSodian/0007.jpg","0.07272727272727272","0.8022222222222222","0.12777777777777777","0.8272727272727273","M%C3%BChlemann",,"2016-05-23T15:02:18.797Z"
"436","- ignorance
- fausse croyance","http://vps273360.ovh.net:8080/public/ImageCours/ChapitreSodian/0008.jpg","0.04818181818181818","0.8","0.07222222222222222","0.41545454545454547","M%C3%BChlemann",,"2016-05-23T15:03:00.372Z"
"437",,"http://vps273360.ovh.net:8080/public/ImageCours/ChapitreSodian/0010.jpg","0.05181818181818182","0.7988888888888889","0.06444444444444444","0.3236363636363636","M%C3%BChlemann","Curiosite/Engagement/","2016-05-23T15:06:34.759Z"
"438",,"http://vps273360.ovh.net:8080/public/ImageCours/ChapitreSodian/0010.jpg","0.03727272727272727","0.7944444444444444","0.06666666666666667","0.4581818181818182","M%C3%BChlemann","Curiosite/Engagement/Surprise/","2016-05-23T15:07:05.662Z"
"439","apprennent aussi par expérience","http://vps273360.ovh.net:8080/public/ImageCours/ChapitreSodian/0010.jpg","0.09","0.7977777777777778","0.06777777777777778","0.5445454545454546","M%C3%BChlemann","Curiosite/Engagement/Surprise/","2016-05-23T15:07:51.366Z"
"440","un métier que d'être parent!!","http://vps273360.ovh.net:8080/public/ImageCours/ChapitreSodian/0010.jpg","0.057272727272727274","0.7977777777777778","0.06888888888888889","0.6672727272727272","M%C3%BChlemann","Engagement/","2016-05-23T15:08:26.473Z"
"441","Le monde est encore à découvrir :-))))))","http://vps273360.ovh.net:8080/public/ImageCours/ChapitreMelot/0001.jpg","0.02","0.64","0.15333333333333332","0.2872727272727273","Sara%20Stevan","Plaisir/","2016-05-24T08:18:42.135Z"
"442","Pas clair !! ça veut dire quoi une compréhension implicite des états mentaux des autres (des primates dans ce cas??). Une compréhension intuitive et innée? ","http://vps273360.ovh.net:8080/public/ImageCours/ChapitreMelot/0001.jpg","0.028181818181818183","0.12444444444444444","0.18555555555555556","0.6181818181818182","Sara%20Stevan","Frustration/","2016-05-24T08:24:02.417Z"
"443",,"http://vps273360.ovh.net:8080/public/ImageCours/ChapitreMelot/0001.jpg","0.08818181818181818","0.18666666666666668","0.13111111111111112","0.6827272727272727","Sara%20Stevan","Ennui/","2016-05-24T08:25:16.468Z"
"444","Ok, on a enfin une piste à suivre dans cet article. ","http://vps273360.ovh.net:8080/public/ImageCours/ChapitreMelot/0001.jpg","0.1009090909090909","0.21333333333333335","0.7377777777777778","0.5154545454545455","Sara%20Stevan","Plaisir/","2016-05-24T08:26:52.725Z"
"445","phénoménologie? ontologie? ça me plait :-)","http://vps273360.ovh.net:8080/public/ImageCours/ChapitreMelot/0001.jpg","0.07818181818181819","0.18444444444444444","0.7644444444444445","0.77","Sara%20Stevan","Plaisir/","2016-05-24T08:29:55.058Z"
"446","c'est quoi l'intérêt de se poser cette question? L'intérêt sera-t-il expliqué plus tard ? Je l'espère .... car ça ressemble à une question analytique s'approchant plus de la philo ...  ","http://vps273360.ovh.net:8080/public/ImageCours/ChapitreMelot/0002.jpg","0.08636363636363636","0.27444444444444444","0.04111111111111111","0.7618181818181818","Sara%20Stevan","Engagement/","2016-05-24T08:38:21.880Z"
"447","mais c'est la même chose pour moi ..... copie pure du réel et produits d'activités mentales ... en quoi une différence s'impose-t-elle?","http://vps273360.ovh.net:8080/public/ImageCours/ChapitreMelot/0002.jpg","0.04181818181818182","0.15444444444444444","0.15888888888888889","0.8045454545454546","Sara%20Stevan","Ennui/","2016-05-24T08:42:01.733Z"
"448","pour répondre à cette question on en peut pas ignorer l'apport d'une autre discipline: la philo de l'esprit","http://vps273360.ovh.net:8080/public/ImageCours/ChapitreMelot/0002.jpg","0.1","0.2677777777777778","0.3511111111111111","0.2409090909090909","Sara%20Stevan","Ennui/","2016-05-24T08:47:37.732Z"
"449","c'est un profond débat phénoménologique aussi ","http://vps273360.ovh.net:8080/public/ImageCours/ChapitreMelot/0002.jpg","0.06909090909090909","0.2866666666666667","0.6222222222222222","0.3109090909090909","Sara%20Stevan","Surprise/","2016-05-24T08:54:22.100Z"
"450","le décalage entre ce que l'enfant-test sait et ce que Maxi sait","http://vps273360.ovh.net:8080/public/ImageCours/ChapitreMelot/0003.jpg","0.04","0.28888888888888886","0.15666666666666668","0.43363636363636365","Sara%20Stevan","Curiosite/","2016-05-24T08:59:12.537Z"
"451","ça ressemble à une connaissance égocentrique... utile pour soi-même ","http://vps273360.ovh.net:8080/public/ImageCours/ChapitreMelot/0003.jpg","0.03272727272727273","0.2722222222222222","0.15777777777777777","0.47909090909090907","Sara%20Stevan","Curiosite/","2016-05-24T09:00:57.055Z"
"452",,"http://vps273360.ovh.net:8080/public/ImageCours/ChapitreSodian/0001.jpg","0.05454545454545454","0.8866666666666667","0.06111111111111111","0.5309090909090909","GUERIN","Engagement/","2016-05-24T10:28:33.257Z"
"453",,"http://vps273360.ovh.net:8080/public/ImageCours/ChapitreSodian/0003.jpg","0.06181818181818182","0.81","0.11777777777777777","0.3181818181818182","GUERIN",,"2016-05-24T10:47:06.953Z"
"455",,"http://vps273360.ovh.net:8080/public/ImageCours/ChapitreSodian/0003.jpg","0.01818181818181818","0.15888888888888889","0.5811111111111111","0.3936363636363636","GUERIN","Curiosite/","2016-05-24T14:20:31.031Z"
"456",,"http://vps273360.ovh.net:8080/public/ImageCours/ChapitreSodian/0003.jpg","0.01818181818181818","0.5311111111111111","0.3988888888888889","0.5827272727272728","GUERIN","Engagement/","2016-05-24T14:24:36.563Z"
"457",,"http://vps273360.ovh.net:8080/public/ImageCours/ChapitreSodian/0003.jpg","0.04363636363636364","0.8","0.13","0.5945454545454546","GUERIN","Engagement/","2016-05-24T14:25:03.614Z"
"458",,"http://vps273360.ovh.net:8080/public/ImageCours/ChapitreSodian/0003.jpg","0.03727272727272727","0.8233333333333334","0.11444444444444445","0.6881818181818182","GUERIN",,"2016-05-24T14:31:19.225Z"
"459",,"http://vps273360.ovh.net:8080/public/ImageCours/ChapitreSodian/0003.jpg","0.057272727272727274","0.6133333333333333","0.31555555555555553","0.7718181818181818","GUERIN","Engagement/","2016-05-24T14:31:35.841Z"
"460",,"http://vps273360.ovh.net:8080/public/ImageCours/ChapitreSodian/0004.jpg","0.045454545454545456","0.8122222222222222","0.06777777777777778","0.47454545454545455","GUERIN","Engagement/","2016-05-24T14:56:25.025Z"
"461",,"http://vps273360.ovh.net:8080/public/ImageCours/ChapitreSodian/0004.jpg","0.04454545454545455","0.8533333333333334","0.051111111111111114","0.5118181818181818","GUERIN",,"2016-05-24T14:56:41.172Z"
"462",,"http://vps273360.ovh.net:8080/public/ImageCours/ChapitreSodian/0004.jpg","0.08363636363636363","0.8177777777777778","0.06888888888888889","0.7772727272727272","GUERIN",,"2016-05-24T14:59:35.819Z"
"463",,"http://vps273360.ovh.net:8080/public/ImageCours/ChapitreSodian/0005.jpg","0.09363636363636364","0.8055555555555556","0.10777777777777778","0.15","GUERIN",,"2016-05-24T15:00:11.354Z"
"464",,"http://vps273360.ovh.net:8080/public/ImageCours/ChapitreSodian/0005.jpg","0.04909090909090909","0.8244444444444444","0.09888888888888889","0.24727272727272728","GUERIN",,"2016-05-24T15:00:36.395Z"
"465",,"http://vps273360.ovh.net:8080/public/ImageCours/ChapitreSodian/0005.jpg","0.08272727272727273","0.9088888888888889","0.06222222222222222","0.29818181818181816","GUERIN",,"2016-05-24T15:01:00.652Z"
"466",,"http://vps273360.ovh.net:8080/public/ImageCours/ChapitreSodian/0006.jpg","0.03363636363636364","0.8311111111111111","0.06","0.2","GUERIN",,"2016-05-24T15:05:19.064Z"
"467",,"http://vps273360.ovh.net:8080/public/ImageCours/ChapitreSodian/0006.jpg","0.03636363636363636","0.8511111111111112","0.051111111111111114","0.2390909090909091","GUERIN",,"2016-05-24T15:05:35.048Z"
"468",,"http://vps273360.ovh.net:8080/public/ImageCours/ChapitreSodian/0006.jpg","0.017272727272727273","0.5633333333333334","0.057777777777777775","0.32636363636363636","GUERIN",,"2016-05-24T15:05:52.205Z"
"469",,"http://vps273360.ovh.net:8080/public/ImageCours/ChapitreSodian/0006.jpg","0.03909090909090909","0.85","0.04888888888888889","0.3618181818181818","GUERIN",,"2016-05-24T15:06:13.204Z"
"471",,"http://vps273360.ovh.net:8080/public/ImageCours/ChapitreMelot/0001.jpg","0.09","0.18333333333333332","0.14","0.5936363636363636","logean","Plaisir/","2016-05-25T05:19:22.323Z"
"472","Cette pluridisciplinarité est intéressante pour enrichir le thème","http://vps273360.ovh.net:8080/public/ImageCours/ChapitreMelot/0001.jpg","0.028181818181818183","0.17333333333333334","0.13666666666666666","0.7709090909090909","logean","Plaisir/","2016-05-25T05:21:36.053Z"
"473",,"http://vps273360.ovh.net:8080/public/ImageCours/ChapitreMelot/0002.jpg","0.08","0.27","0.06777777777777778","0.34","logean","Curiosite/","2016-05-25T05:24:30.644Z"
"474",,"http://vps273360.ovh.net:8080/public/ImageCours/ChapitreMelot/0002.jpg","0.12363636363636364","0.25222222222222224","0.3522222222222222","0.32181818181818184","logean","Curiosite/","2016-05-25T05:27:41.613Z"
"475","Cet exemple permet de bien comprendre","http://vps273360.ovh.net:8080/public/ImageCours/ChapitreMelot/0002.jpg","0.11272727272727273","0.26","0.6344444444444445","0.1709090909090909","logean","Plaisir/","2016-05-25T05:30:26.787Z"
"476","Très interessant","http://vps273360.ovh.net:8080/public/ImageCours/ChapitreMelot/0003.jpg","0.11363636363636363","0.2588888888888889","0.4411111111111111","0.37454545454545457","logean","Surprise/","2016-05-25T05:35:54.515Z"
"477",,"http://vps273360.ovh.net:8080/public/ImageCours/ChapitreMelot/0004.jpg","0.08727272727272728","0.2733333333333333","0.10777777777777778","0.4172727272727273","logean","Plaisir/","2016-05-25T05:37:10.960Z"
"478",,"http://vps273360.ovh.net:8080/public/ImageCours/ChapitreMelot/0004.jpg","0.11636363636363636","0.2644444444444444","0.10777777777777778","0.7627272727272727","logean","Engagement/","2016-05-25T05:38:13.735Z"
"479","Vraiment passionant ce theme.","http://vps273360.ovh.net:8080/public/ImageCours/ChapitreMelot/0004.jpg","0.05090909090909091","0.2611111111111111","0.11","0.8836363636363637","logean","Curiosite/","2016-05-25T05:39:57.889Z"
"480","Je me demande quelle est la partie du cerveau qui se developpe particulierement en ce moment du developpement de l'enfant","http://vps273360.ovh.net:8080/public/ImageCours/ChapitreMelot/0004.jpg","0.07818181818181819","0.2588888888888889","0.3888888888888889","0.6763636363636364","logean","Engagement/","2016-05-25T05:42:44.234Z"
"481","A retenir","http://vps273360.ovh.net:8080/public/ImageCours/ChapitreMelot/0004.jpg","0.1009090909090909","0.27444444444444444","0.6611111111111111","0.4781818181818182","logean","Engagement/","2016-05-25T05:53:44.042Z"
"482",,"http://vps273360.ovh.net:8080/public/ImageCours/ChapitreMelot/0005.jpg","0.04090909090909091","0.22777777777777777","0.16111111111111112","0.08636363636363636","logean","Engagement/","2016-05-25T05:56:58.320Z"
"483","J'apprends beaucoup de choses avec cet article","http://vps273360.ovh.net:8080/public/ImageCours/ChapitreMelot/0005.jpg","0.18","0.2688888888888889","0.14888888888888888","0.3181818181818182","logean","Curiosite/","2016-05-25T05:58:59.630Z"
"484","des fois dans la vie de tous les jours on voit aussi des adultes qui ne tiennent pas compte des points de vue différents des autres, c'est intéressant de savoir que cette competence se developpe si tôt","http://vps273360.ovh.net:8080/public/ImageCours/ChapitreMelot/0005.jpg","0.06727272727272728","0.2644444444444444","0.43333333333333335","0.28545454545454546","logean","Plaisir/","2016-05-25T06:01:13.270Z"
"485",,"http://vps273360.ovh.net:8080/public/ImageCours/ChapitreMelot/0005.jpg","0.06","0.27111111111111114","0.7188888888888889","0.09272727272727273","logean","Curiosite/","2016-05-25T06:01:39.471Z"
"486","Que des verités!","http://vps273360.ovh.net:8080/public/ImageCours/ChapitreMelot/0005.jpg","0.08272727272727273","0.27555555555555555","0.7122222222222222","0.19545454545454546","logean","Plaisir/","2016-05-25T06:02:09.172Z"
"487",,"http://vps273360.ovh.net:8080/public/ImageCours/ChapitreMelot/0005.jpg","0.06545454545454546","0.2833333333333333","0.6955555555555556","0.5863636363636363","logean","Engagement/","2016-05-25T06:03:02.441Z"
"488",,"http://vps273360.ovh.net:8080/public/ImageCours/ChapitreMelot/0006.jpg","0.09272727272727273","0.2811111111111111","0.06666666666666667","0.4509090909090909","logean","Engagement/","2016-05-25T06:04:23.500Z"
"489",,"http://vps273360.ovh.net:8080/public/ImageCours/ChapitreMelot/0006.jpg","0.12090909090909091","0.2577777777777778","0.33444444444444443","0.7863636363636364","logean","Engagement/","2016-05-25T06:06:17.687Z"
"490","Vraiment intéressant de voir l'unicité du dévéloppement de chaque individu","http://vps273360.ovh.net:8080/public/ImageCours/ChapitreMelot/0006.jpg","0.17545454545454545","0.2611111111111111","0.6144444444444445","0.7772727272727272","logean","Plaisir/","2016-05-25T06:08:33.892Z"
"491","Moment clé du developpement","http://vps273360.ovh.net:8080/public/ImageCours/ChapitreMelot/0001.jpg","0.03272727272727273","0.14555555555555555","0.14888888888888888","0.2990909090909091","logean","Curiosite/","2016-05-25T06:10:04.492Z"
"492","je suis contente d'être assise à côté de Benoît","http://vps273360.ovh.net:8080/public/ImageCours/ChapitreSodian/0001.jpg","0.07","0.8766666666666667","0.042222222222222223","0.23272727272727273","molinari","Plaisir/","2016-05-28T14:37:10.129Z"
"495","Interessant, mon enfant a quatre ans, cela m'interesse !","http://vps273360.ovh.net:8080/public/ImageCours/ChapitreSodian/0003.jpg","0.11181818181818182","0.8044444444444444","0.1288888888888889","0.10727272727272727","maxence","Plaisir/Curiosite/Engagement/","2016-06-20T04:56:01.345Z"
"496","Je ne pense pas la même chose, à voir comment cela se développe","http://vps273360.ovh.net:8080/public/ImageCours/ChapitreSodian/0001.jpg","0.035454545454545454","0.8911111111111111","0.06","0.47909090909090907","maxence","Curiosite/Engagement/Frustration/","2016-06-20T04:57:19.272Z"
"497","dfgsdfg","http://vps273360.ovh.net:8080/public/ImageCours/ChapitreMelot/0003.jpg","0.03363636363636364","0.2477777777777778","0.7","0.31727272727272726","test",,"2016-07-08T10:08:51.256Z"
"498","ghfhgfh","http://vps273360.ovh.net:8080/public/ImageCours/ChapitreMelot/0001.jpg","0.07636363636363637","0.057777777777777775","0.81","0.4718181818181818","test",,"2016-07-08T10:05:38.890Z"
"499","http://vps273360.ovh.net:8080/public/emoticone/emoticone_Ennui.jpg","http://vps273360.ovh.net:8080/public/ImageCours/ChapitreMelot/0002.jpg","0.3936363636363636","0.5055555555555555","0.4088888888888889","0.08363636363636363","test","Curiosite/","2016-07-08T10:06:03.674Z"
