"1","Perso","2016-05-12T10:09:00.921Z","Maxence"
"2","Perso","2016-05-12T12:08:14.973Z","molinari"
"3","Perso","2016-05-12T12:08:56.730Z","molinari"
"4","Perso","2016-05-12T12:09:07.260Z","molinari"
"5","Perso","2016-05-12T12:12:24.805Z","molinari"
"6","Perso","2016-05-12T12:12:28.181Z","molinari"
"7","General","2016-05-12T11:35:26.160Z","Max"
"8","Perso","2016-05-12T11:35:34.660Z","Max"
"9","General","2016-05-12T11:35:36.526Z","Max"
"10","General","2016-05-12T14:24:40.059Z","max"
"11","General","2016-05-12T14:24:43.078Z","max"
"12","General","2016-05-12T14:25:44.816Z","max"
"13","Perso","2016-05-12T14:25:46.571Z","max"
"14","General","2016-05-12T14:25:55.738Z","max"
"15","General","2016-05-12T14:25:58.015Z","max"
"16","General","2016-05-12T14:26:10.711Z","max"
"17","General","2016-05-12T14:26:15.241Z","max"
"18","General","2016-05-12T14:26:36.038Z","max"
"19","General","2016-05-12T14:26:54.507Z","max"
"20","General","2016-05-12T16:28:04.791Z","Abo%20El%20Maty"
"21","General","2016-05-13T07:14:24.971Z","max"
"22","General","2016-05-13T08:03:24.004Z","max"
"23","General","2016-05-13T08:17:33.460Z","Butty"
"24","Perso","2016-05-13T08:17:46.106Z","Butty"
"25","General","2016-05-13T08:17:49.624Z","Butty"
"26","Perso","2016-05-13T08:17:57.214Z","Butty"
"27","General","2016-05-13T08:17:58.251Z","Butty"
"28","General","2016-05-13T08:18:21.198Z","Butty"
"29","Perso","2016-05-13T08:18:23.893Z","Butty"
"30","Perso","2016-05-13T08:18:55.519Z","Butty"
"31","Perso","2016-05-13T08:20:18.624Z","Butty"
"32","General","2016-05-13T08:37:57.039Z","Logean"
"33","Perso","2016-05-13T08:38:02.690Z","Logean"
"34","Perso","2016-05-13T08:40:40.800Z","Logean"
"35","General","2016-05-13T08:43:51.138Z","Logean"
"36","Perso","2016-05-13T08:43:54.029Z","Logean"
"37","General","2016-05-13T08:47:00.046Z","Butty"
"38","Perso","2016-05-13T08:48:14.795Z","Logean"
"39","Perso","2016-05-13T08:48:38.349Z","Logean"
"40","General","2016-05-13T08:58:20.686Z","logean"
"41","Perso","2016-05-13T08:58:26.201Z","logean"
"42","General","2016-05-13T10:10:16.158Z","m"
"43","General","2016-05-13T10:10:29.471Z","m"
"44","General","2016-05-13T10:11:11.883Z","m"
"45","Perso","2016-05-13T10:11:14.707Z","m"
"46","General","2016-05-13T10:11:15.877Z","m"
"47","Perso","2016-05-13T10:11:17.357Z","m"
"48","General","2016-05-13T10:11:22.043Z","m"
"49","Perso","2016-05-13T10:11:23.791Z","m"
"50","General","2016-05-13T11:45:01.807Z","max"
"51","General","2016-05-13T11:45:21.459Z","max"
"52","General","2016-05-13T11:45:26.953Z","max"
"53","General","2016-05-13T11:45:45.443Z","max"
"54","General","2016-05-13T11:46:20.921Z","max"
"55","General","2016-05-13T11:49:31.762Z","max"
"56","General","2016-05-13T11:49:36.460Z","max"
"57","General","2016-05-13T11:49:39.001Z","max"
"58","General","2016-05-13T12:18:25.762Z","max"
"59","Perso","2016-05-13T12:18:59.964Z","max"
"60","General","2016-05-13T12:22:09.126Z","max"
"61","General","2016-05-13T12:22:15.135Z","max"
"62","Perso","2016-05-13T12:22:20.465Z","m"
"63","Perso","2016-05-13T12:22:22.923Z","m"
"64","General","2016-05-13T12:22:24.635Z","m"
"65","Perso","2016-05-13T12:22:25.688Z","m"
"66","General","2016-05-13T12:22:26.712Z","m"
"67","Perso","2016-05-13T12:22:29.487Z","m"
"68","Perso","2016-05-13T12:22:33.317Z","max"
"69","Perso","2016-05-13T12:22:40.912Z","max"
"70","General","2016-05-13T12:22:44.870Z","max"
"71","Perso","2016-05-13T12:22:46.845Z","max"
"72","General","2016-05-13T12:23:32.694Z","Jonson%20Zenoni%20Linn"
"73","General","2016-05-13T12:24:30.620Z","maxence"
"74","General","2016-05-13T12:25:13.417Z","Jonson%20Zenoni%20Linn"
"75","Perso","2016-05-13T12:26:05.226Z","Jonson%20Zenoni%20Linn"
"76","Perso","2016-05-13T12:26:35.314Z","Jonson%20Zenoni%20Linn"
"77","General","2016-05-13T12:27:53.871Z","Jonson%20Zenoni%20Linn"
"78","General","2016-05-13T12:34:10.775Z","EliseLavoue"
"79","Perso","2016-05-13T12:57:52.458Z","Jonson%20Zenoni%20Linn"
"80","General","2016-05-13T12:58:04.328Z","Jonson%20Zenoni%20Linn"
"81","General","2016-05-13T13:00:08.027Z","Jonson%20Zenoni%20Linn"
"82","Perso","2016-05-13T13:00:42.125Z","Jonson%20Zenoni%20Linn"
"83","General","2016-05-13T13:34:03.723Z","Max"
"84","General","2016-05-13T13:35:14.674Z","Max"
"85","General","2016-05-13T13:35:27.858Z","max"
"86","General","2016-05-13T13:35:48.950Z","Max"
"87","Perso","2016-05-13T13:35:52.574Z","Max"
"88","General","2016-05-13T13:35:55.649Z","Max"
"89","General","2016-05-13T13:36:22.046Z","Max"
"90","General","2016-05-13T13:44:46.662Z","Di%20Benedetto"
"91","General","2016-05-13T13:49:24.275Z","Max"
"92","General","2016-05-13T13:51:32.677Z","Di%20Benedetto"
"93","Perso","2016-05-13T13:51:36.305Z","Di%20Benedetto"
"94","Perso","2016-05-13T13:51:38.190Z","Di%20Benedetto"
"95","Perso","2016-05-13T13:51:42.179Z","Di%20Benedetto"
"96","General","2016-05-13T13:51:43.522Z","Di%20Benedetto"
"97","General","2016-05-13T13:52:38.011Z","di%20Benedetto"
"98","General","2016-05-13T13:53:00.892Z","Di%20Benedetto"
"99","General","2016-05-13T14:02:04.197Z","maxence"
"100","General","2016-05-13T16:50:18.025Z","Jorosch"
"101","General","2016-05-13T16:50:33.517Z","Jorosch"
"102","Perso","2016-05-13T16:50:35.865Z","Jorosch"
"103","General","2016-05-13T16:50:49.114Z","Jorosch"
"104","General","2016-05-13T16:51:59.656Z","Jorosch"
"105","Perso","2016-05-13T16:52:11.918Z","Jorosch"
"106","Perso","2016-05-13T16:53:16.562Z","Jorosch"
"107","Perso","2016-05-13T16:54:39.317Z","Jorosch"
"108","Perso","2016-05-13T16:54:46.053Z","Jorosch"
"109","Perso","2016-05-13T16:55:10.256Z","Jorosch"
"110","Perso","2016-05-13T16:57:19.658Z","Jorosch"
"111","General","2016-05-13T18:04:17.225Z","RIVERA"
"112","General","2016-05-13T18:36:12.779Z","RIVERA"
"113","General","2016-05-13T18:38:02.084Z","Rivera"
"114","General","2016-05-13T19:04:00.297Z","Rivera"
"115","General","2016-05-14T06:17:50.870Z","max"
"116","General","2016-05-14T06:50:24.808Z","Rivera"
"117","General","2016-05-14T07:35:03.891Z","max"
"118","General","2016-05-14T07:54:39.132Z","jorosch"
"119","Perso","2016-05-14T11:39:38.077Z","Rivera"
"120","General","2016-05-14T12:05:57.719Z","Butty"
"121","Perso","2016-05-14T12:06:01.002Z","Butty"
"122","General","2016-05-14T12:11:52.897Z","Butty"
"123","Perso","2016-05-14T12:11:55.303Z","Butty"
"124","General","2016-05-14T12:11:56.919Z","Butty"
"125","Perso","2016-05-14T12:11:58.066Z","Butty"
"126","Perso","2016-05-14T12:15:41.811Z","Butty"
"127","Perso","2016-05-14T12:19:32.366Z","Butty"
"128","General","2016-05-14T12:20:11.802Z","butty"
"129","General","2016-05-14T14:04:43.228Z","Catherine%20Andr%C3%A9"
"130","Perso","2016-05-14T14:05:25.628Z","Catherine%20Andr%C3%A9"
"131","General","2016-05-14T14:39:19.726Z","Aminian"
"132","General","2016-05-14T14:42:54.989Z","Catherine%20Andr%C3%A9"
"133","Perso","2016-05-14T14:44:02.715Z","Catherine%20Andr%C3%A9"
"134","General","2016-05-14T14:45:45.028Z","Catherine%20Andr%C3%A9"
"135","Perso","2016-05-14T14:45:48.570Z","Catherine%20Andr%C3%A9"
"136","General","2016-05-14T14:45:50.551Z","Catherine%20Andr%C3%A9"
"137","Perso","2016-05-14T14:46:28.794Z","Catherine%20Andr%C3%A9"
"138","General","2016-05-14T14:46:44.951Z","Aminian"
"139","General","2016-05-14T14:46:55.382Z","Aminian"
"140","Perso","2016-05-14T14:47:01.998Z","Aminian"
"141","Perso","2016-05-14T14:58:30.406Z","Aminian"
"142","General","2016-05-14T14:58:36.113Z","Aminian"
"143","General","2016-05-14T14:59:07.992Z","Aminian"
"144","Perso","2016-05-14T14:59:09.578Z","Aminian"
"145","Perso","2016-05-14T15:13:54.291Z","Aminian"
"146","Perso","2016-05-14T15:13:55.287Z","Aminian"
"147","Perso","2016-05-14T15:23:44.308Z","Aminian"
"148","Perso","2016-05-14T15:26:05.290Z","Aminian"
"149","Perso","2016-05-14T15:31:09.718Z","Aminian"
"150","General","2016-05-14T15:31:29.571Z","Aminian"
"151","Perso","2016-05-14T15:31:31.847Z","Aminian"
"152","General","2016-05-14T18:50:01.999Z","butty"
"153","General","2016-05-15T13:07:26.156Z","Elodie%20Brun"
"154","General","2016-05-15T13:08:00.589Z","Elodie%20Brun"
"155","Perso","2016-05-15T13:08:17.294Z","Elodie%20Brun"
"156","General","2016-05-15T12:47:45.153Z","Di%20Benedetto"
"157","Perso","2016-05-15T12:47:50.548Z","Di%20Benedetto"
"158","General","2016-05-15T13:25:30.286Z","Di%20Benedetto"
"159","Perso","2016-05-15T14:40:41.875Z","Elodie%20Brun"
"160","Perso","2016-05-15T14:41:08.504Z","Elodie%20Brun"
"161","General","2016-05-15T14:41:23.385Z","Elodie%20Brun"
"162","General","2016-05-15T14:47:17.643Z","Elodie%20Brun"
"163","Perso","2016-05-15T14:49:25.577Z","Elodie%20Brun"
"164","Perso","2016-05-15T14:06:34.689Z","Di%20Benedetto"
"165","Perso","2016-05-15T14:07:34.913Z","Di%20Benedetto"
"166","General","2016-05-15T16:47:11.961Z","Elodie%20Brun"
"167","General","2016-05-15T16:47:29.135Z","Elodie%20Brun"
"168","Perso","2016-05-15T16:48:41.393Z","Elodie%20Brun"
"169","General","2016-05-16T09:41:02.063Z","GUERIN"
"170","General","2016-05-16T09:41:07.350Z","GUERIN"
"171","General","2016-05-16T09:41:33.101Z","GUERIN"
"172","Perso","2016-05-16T09:42:46.985Z","GUERIN"
"173","General","2016-05-16T11:01:30.313Z","Rivera"
"174","General","2016-05-16T13:23:26.037Z","GUERIN"
"175","Perso","2016-05-16T13:23:54.680Z","GUERIN"
"176","General","2016-05-16T14:09:53.328Z","GUERIN"
"177","Perso","2016-05-16T14:10:08.289Z","GUERIN"
"178","General","2016-05-16T20:30:09.525Z","Andrey%20Valérie"
"179","General","2016-05-16T20:31:11.058Z","Andrey%20Valérie"
"180","General","2016-05-16T20:31:35.777Z","Andrey%20Valérie"
"181","General","2016-05-16T20:32:14.734Z","Andrey%20Valérie"
"182","General","2016-05-16T20:32:19.754Z","Andrey%20Valérie"
"183","Perso","2016-05-16T20:32:24.650Z","Andrey%20Valérie"
"184","General","2016-05-16T20:32:27.416Z","Andrey%20Valérie"
"185","Perso","2016-05-16T20:32:29.270Z","Andrey%20Valérie"
"186","Perso","2016-05-16T20:38:24.498Z","Andrey%20Valérie"
"187","Perso","2016-05-16T20:38:30.429Z","Andrey%20Valérie"
"188","General","2016-05-17T07:37:09.295Z","Bory"
"189","General","2016-05-17T07:37:42.334Z","Bory"
"190","Perso","2016-05-17T07:38:01.965Z","Bory"
"191","Perso","2016-05-17T07:38:41.116Z","Bory"
"192","Perso","2016-05-17T07:38:42.924Z","Bory"
"193","General","2016-05-17T07:39:20.564Z","Bory"
"194","General","2016-05-17T07:41:16.287Z","Bory"
"195","Perso","2016-05-17T07:41:18.594Z","Bory"
"196","General","2016-05-17T08:05:28.809Z","Max"
"197","General","2016-05-17T08:06:47.029Z","Max"
"198","General","2016-05-17T08:12:12.463Z","Max"
"199","Perso","2016-05-17T08:14:14.744Z","Bory"
"200","General","2016-05-17T08:14:39.189Z","Bory"
"201","General","2016-05-17T08:15:55.312Z","bory"
"202","Perso","2016-05-17T08:16:39.636Z","bory"
"203","General","2016-05-17T08:44:56.085Z","bory"
"204","General","2016-05-17T08:45:05.816Z","bory"
"205","Perso","2016-05-17T08:45:11.136Z","bory"
"206","General","2016-05-17T08:45:13.210Z","bory"
"207","General","2016-05-17T12:08:47.615Z","Di%20Benedetto"
"208","Perso","2016-05-17T12:09:42.196Z","Di%20Benedetto"
"209","General","2016-05-17T12:30:47.229Z","Di%20Benedetto"
"210","Perso","2016-05-17T12:31:12.291Z","Di%20Benedetto"
"211","General","2016-05-17T12:43:42.528Z","Di%20Benedetto"
"212","Perso","2016-05-17T12:44:23.536Z","Di%20Benedetto"
"213","General","2016-05-17T15:00:17.507Z","Di%20Benedetto"
"214","General","2016-05-17T15:01:45.662Z","m"
"215","General","2016-05-17T15:01:49.738Z","m"
"216","General","2016-05-18T08:58:33.237Z","M%C3%BChlemann"
"217","General","2016-05-18T09:01:13.760Z","M%C3%BChlemann"
"218","Perso","2016-05-18T09:01:26.409Z","M%C3%BChlemann"
"219","General","2016-05-18T09:02:31.419Z","M%C3%BChlemann"
"220","Perso","2016-05-18T09:03:49.546Z","M%C3%BChlemann"
"221","Perso","2016-05-18T10:02:24.792Z","M%C3%BChlemann"
"222","General","2016-05-18T10:02:40.042Z","M%C3%BChlemann"
"223","General","2016-05-18T10:02:55.796Z","M%C3%BChlemann"
"224","General","2016-05-18T10:23:15.948Z","maxence"
"225","Perso","2016-05-18T10:23:27.345Z","maxence"
"226","Perso","2016-05-18T10:28:39.666Z","M%C3%BChlemann"
"227","General","2016-05-18T14:10:43.182Z","Valérie%20Andrey"
"228","General","2016-05-18T14:11:08.117Z","Valérie%20Andrey"
"229","Perso","2016-05-18T14:11:27.527Z","Valérie%20Andrey"
"230","General","2016-05-18T14:50:26.270Z","Valérie%20Andrey"
"231","Perso","2016-05-18T14:50:30.748Z","Valérie%20Andrey"
"232","Perso","2016-05-18T14:50:58.416Z","Valérie%20Andrey"
"233","General","2016-05-18T14:51:11.085Z","Valérie%20Andrey"
"234","Perso","2016-05-18T14:51:28.603Z","Valérie%20Andrey"
"235","General","2016-05-18T14:58:34.908Z","Valérie%20Andrey"
"236","Perso","2016-05-18T14:58:41.667Z","Valérie%20Andrey"
"237","General","2016-05-18T14:58:44.457Z","Valérie%20Andrey"
"238","General","2016-05-18T15:01:29.939Z","Valérie%20Andrey"
"239","Perso","2016-05-18T15:01:34.009Z","Valérie%20Andrey"
"240","General","2016-05-18T15:01:45.357Z","Valérie%20Andrey"
"241","General","2016-05-18T15:01:56.899Z","Valérie%20Andrey"
"242","Perso","2016-05-18T15:02:02.260Z","Valérie%20Andrey"
"243","General","2016-05-18T15:03:32.548Z","Valérie%20Andrey"
"244","General","2016-05-18T15:15:17.405Z","Valérie%20Andrey"
"245","Perso","2016-05-18T15:15:25.832Z","Valérie%20Andrey"
"246","General","2016-05-18T15:38:16.987Z","max"
"247","General","2016-05-18T15:38:20.416Z","max"
"248","General","2016-05-19T06:31:58.616Z","Aminian"
"249","General","2016-05-19T06:40:25.695Z","Aminian"
"250","Perso","2016-05-19T06:40:57.164Z","Aminian"
"251","Perso","2016-05-19T07:13:41.011Z","Aminian"
"252","General","2016-05-19T08:03:21.575Z","Aminian"
"253","General","2016-05-19T09:38:24.722Z","max"
"254","General","2016-05-19T09:38:27.726Z","max"
"255","Perso","2016-05-19T09:51:52.828Z","Valérie%20Andrey"
"256","General","2016-05-19T09:54:22.333Z","Valérie%20Andrey"
"257","Perso","2016-05-19T09:54:46.976Z","Valérie%20Andrey"
"258","General","2016-05-19T11:24:49.040Z","Valérie%20Andrey"
"259","Perso","2016-05-19T14:23:04.417Z","M%C3%BChlemann"
"260","General","2016-05-19T14:23:06.314Z","M%C3%BChlemann"
"261","General","2016-05-19T17:55:17.264Z","sophie%20caverzasio"
"262","Perso","2016-05-19T17:55:25.491Z","sophie%20caverzasio"
"263","General","2016-05-19T18:23:17.200Z","sophie%20caverzasio"
"264","General","2016-05-19T18:27:04.617Z","sophie%20caverzasio"
"265","Perso","2016-05-20T09:12:42.258Z","M%C3%BChlemann"
"266","General","2016-05-20T16:00:27.615Z","Elodie%20Brun"
"267","Perso","2016-05-20T16:00:35.317Z","Elodie%20Brun"
"268","Perso","2016-05-20T16:00:39.239Z","Elodie%20Brun"
"269","General","2016-05-20T16:10:35.197Z","Elodie%20Brun"
"270","General","2016-05-20T16:10:43.570Z","Elodie%20Brun"
"271","General","2016-05-21T14:50:00.889Z","catherine%20andr%C3%A9"
"272","General","2016-05-21T14:51:19.762Z","catherine%20andr%C3%A9"
"273","Perso","2016-05-21T14:51:33.071Z","catherine%20andr%C3%A9"
"274","General","2016-05-21T14:53:50.550Z","catherine%20andr%C3%A9"
"275","General","2016-05-21T22:33:39.507Z","jorosch"
"276","Perso","2016-05-21T22:34:03.678Z","Jorosch"
"277","General","2016-05-21T22:34:06.863Z","jorosch"
"278","Perso","2016-05-21T22:44:08.481Z","jorosch"
"279","General","2016-05-21T22:45:28.795Z","jorosch"
"280","Perso","2016-05-21T22:45:32.126Z","jorosch"
"281","General","2016-05-21T22:47:49.565Z","jorosch"
"282","General","2016-05-21T23:03:36.703Z","jorosch"
"283","Perso","2016-05-21T23:03:43.165Z","jorosch"
"284","Perso","2016-05-22T12:02:58.407Z","jorosch"
"285","General","2016-05-22T21:53:46.082Z","jorosch"
"286","General","2016-05-23T11:16:40.184Z","..."
"287","Perso","2016-05-23T11:17:00.818Z","..."
"288","General","2016-05-23T12:19:44.074Z","catherine%20andr%C3%A9"
"289","Perso","2016-05-23T12:19:50.665Z","catherine%20andr%C3%A9"
"290","General","2016-05-23T12:53:40.271Z","catherine%20andr%C3%A9"
"291","Perso","2016-05-23T12:54:59.612Z","catherine%20andr%C3%A9"
"292","General","2016-05-23T13:08:46.566Z","Sivade"
"293","General","2016-05-23T13:09:56.128Z","Sivade"
"294","Perso","2016-05-23T13:10:33.793Z","Sivade"
"295","General","2016-05-23T13:12:23.643Z","Sivade"
"296","General","2016-05-23T13:21:42.557Z","catherine%20andr%C3%A9"
"297","Perso","2016-05-23T13:21:50.045Z","catherine%20andr%C3%A9"
"298","Perso","2016-05-23T13:27:13.350Z","M%C3%BChlemann"
"299","Perso","2016-05-23T13:27:45.213Z","M%C3%BChlemann"
"300","General","2016-05-23T14:23:22.687Z","catherine%20andr%C3%A9"
"301","Perso","2016-05-23T14:24:01.396Z","catherine%20andr%C3%A9"
"302","General","2016-05-23T14:25:26.341Z","catherine%20andr%C3%A9"
"303","General","2016-05-23T14:25:38.382Z","catherine%20andr%C3%A9"
"304","Perso","2016-05-23T14:26:11.672Z","catherine%20andr%C3%A9"
"305","General","2016-05-23T14:26:43.721Z","catherine%20andr%C3%A9"
"306","Perso","2016-05-23T14:26:57.378Z","catherine%20andr%C3%A9"
"307","General","2016-05-23T14:27:22.056Z","catherine%20andr%C3%A9"
"308","General","2016-05-23T14:30:12.157Z","Sivade"
"309","Perso","2016-05-23T15:08:43.881Z","M%C3%BChlemann"
"310","General","2016-05-23T19:25:22.113Z","Abo%20El%20Maty"
"311","General","2016-05-23T19:26:09.222Z","Abo%20El%20Maty"
"312","General","2016-05-24T07:16:18.540Z","max"
"313","General","2016-05-24T07:16:22.685Z","max"
"314","General","2016-05-24T07:16:42.664Z","max"
"315","General","2016-05-24T07:16:44.652Z","max"
"316","General","2016-05-24T08:13:08.305Z","Sara%20Stevan"
"317","Perso","2016-05-24T08:13:24.283Z","Sara%20Stevan"
"318","Perso","2016-05-24T08:13:30.863Z","Sara%20Stevan"
"319","General","2016-05-24T08:13:33.087Z","Sara%20Stevan"
"320","General","2016-05-24T08:14:02.707Z","Sara%20Stevan"
"321","Perso","2016-05-24T08:14:13.622Z","Sara%20Stevan"
"322","General","2016-05-24T08:46:39.130Z","catherine%20andr%C3%A9"
"323","Perso","2016-05-24T08:47:02.102Z","catherine%20andr%C3%A9"
"324","General","2016-05-24T08:47:33.874Z","M%C3%BChlemann"
"325","Perso","2016-05-24T08:48:07.078Z","catherine%20andr%C3%A9"
"326","General","2016-05-24T08:49:52.403Z","catherine%20andr%C3%A9"
"327","Perso","2016-05-24T08:51:02.061Z","catherine%20andr%C3%A9"
"328","Perso","2016-05-24T09:08:04.958Z","M%C3%BChlemann"
"329","General","2016-05-24T09:08:19.019Z","M%C3%BChlemann"
"330","General","2016-05-24T10:25:52.725Z","GUERIN"
"331","Perso","2016-05-24T10:26:03.837Z","GUERIN"
"332","Perso","2016-05-24T10:46:49.479Z","GUERIN"
"333","General","2016-05-24T13:04:24.397Z","Favereaux"
"334","Perso","2016-05-24T13:16:21.006Z","..."
"335","General","2016-05-24T13:38:44.854Z","max"
"336","Perso","2016-05-24T13:38:47.534Z","max"
"337","Perso","2016-05-24T13:38:59.585Z","MAX"
"338","Perso","2016-05-24T13:39:07.882Z","max"
"339","General","2016-05-24T13:43:58.325Z","Aminian"
"340","General","2016-05-24T13:44:23.154Z","Aminian"
"341","Perso","2016-05-24T13:44:25.421Z","Aminian"
"342","General","2016-05-24T14:19:30.914Z","GUERIN"
"343","General","2016-05-24T14:19:37.778Z","GUERIN"
"344","Perso","2016-05-24T14:19:42.344Z","GUERIN"
"345","General","2016-05-24T16:14:24.285Z","Sara%20Stevan"
"346","Perso","2016-05-24T16:15:21.176Z","Sara%20Stevan"
"347","Perso","2016-05-24T16:24:34.010Z","Sara%20Stevan"
"348","Perso","2016-05-24T16:24:48.878Z","Sara%20Stevan"
"349","General","2016-05-24T18:59:07.414Z","Bory"
"350","Perso","2016-05-24T18:59:15.708Z","Bory"
"351","General","2016-05-24T19:31:41.385Z","STEVAN"
"352","General","2016-05-24T19:31:47.983Z","STEVAN"
"353","Perso","2016-05-24T19:31:52.695Z","STEVAN"
"354","Perso","2016-05-24T19:31:58.839Z","stevan"
"355","Perso","2016-05-24T19:42:37.379Z","Rivera"
"356","Perso","2016-05-24T19:42:40.695Z","Rivera"
"357","Perso","2016-05-24T19:42:42.152Z","Rivera"
"358","Perso","2016-05-24T19:43:17.019Z","MAX"
"359","Perso","2016-05-24T19:43:26.440Z","Max"
"360","General","2016-05-25T05:16:20.316Z","logean"
"361","General","2016-05-25T05:16:23.264Z","logean"
"362","Perso","2016-05-25T05:17:10.139Z","logean"
"363","General","2016-05-25T06:08:55.494Z","logean"
"364","Perso","2016-05-25T06:09:01.779Z","logean"
"365","General","2016-05-25T06:10:24.884Z","logean"
"366","Perso","2016-05-25T06:11:21.040Z","logean"
"367","Perso","2016-05-25T06:44:08.017Z","..."
"368","General","2016-05-25T11:53:49.394Z","max"
"369","General","2016-05-25T12:01:30.951Z","max"
"370","General","2016-05-25T18:27:08.416Z","GUERIN"
"371","Perso","2016-05-25T18:27:10.344Z","GUERIN"
"372","General","2016-05-25T18:52:13.575Z","max"
"373","General","2016-05-26T14:40:12.887Z","Hany"
"374","General","2016-05-27T09:15:10.694Z","Kundak"
"375","Perso","2016-05-27T09:15:17.077Z","Kundak"
"376","General","2016-05-27T09:28:33.666Z","Kundak"
"377","General","2016-05-27T11:56:36.990Z","max"
"378","General","2016-05-27T11:56:40.956Z","max"
"379","General","2016-05-28T06:17:23.708Z","litvinenko"
"380","General","2016-05-28T06:19:36.768Z","litvinenko"
"381","Perso","2016-05-28T06:19:38.371Z","litvinenko"
"382","General","2016-05-28T14:36:36.427Z","molinari"
"383","General","2016-05-28T14:37:17.339Z","molinari"
"384","General","2016-05-30T16:08:36.330Z","Laurent"
"385","Perso","2016-05-30T16:08:49.337Z","Laurent"
"386","General","2016-05-30T16:08:51.395Z","Laurent"
"387","General","2016-05-30T17:33:09.530Z","Laurent"
"388","General","2016-05-30T17:35:53.193Z","Laurent"
"389","General","2016-05-31T17:57:09.387Z","test"
"390","General","2016-05-31T17:57:17.728Z","test"
"391","General","2016-05-31T17:57:22.780Z","test"
"392","General","2016-05-31T17:57:55.556Z","test"
"393","General","2016-06-01T18:17:43.346Z","laurent"
"394","General","2016-06-01T18:23:10.830Z","laurent"
"395","General","2016-06-01T18:24:05.754Z","Elise"
"396","General","2016-06-01T18:24:14.085Z","Elise"
"397","General","2016-06-01T18:29:39.289Z","laurent"
"398","Perso","2016-06-01T18:29:38.241Z","Elise"
"399","General","2016-06-01T18:29:40.750Z","Elise"
"400","Perso","2016-06-01T18:34:25.434Z","laurent"
"401","General","2016-06-01T18:34:26.678Z","laurent"
"402","General","2016-06-02T15:03:54.959Z","test"
"403","General","2016-06-02T18:17:16.182Z","EliseLavoue"
"404","Perso","2016-06-02T18:17:21.320Z","EliseLavoue"
"405","General","2016-06-02T18:17:46.007Z","EliseLavoue"
"406","General","2016-06-03T08:55:15.693Z","maxence"
"407","Perso","2016-06-03T08:55:18.559Z","maxence"
"408","General","2016-06-03T09:29:25.892Z","maxence"
"409","General","2016-06-03T09:29:29.540Z","maxence"
"410","General","2016-06-07T14:32:53.576Z","RIVERA"
"411","Perso","2016-06-07T14:32:55.902Z","RIVERA"
"412","General","2016-06-08T07:27:07.819Z","max"
"413","Perso","2016-06-08T07:27:15.657Z","max"
"414","Perso","2016-06-08T07:27:21.669Z","RIVERA"
"415","General","2016-06-08T08:00:35.531Z","logean"
"416","Perso","2016-06-08T08:00:38.263Z","logean"
"417","Perso","2016-06-08T08:08:40.344Z","RIVERA"
"418","General","2016-06-08T11:53:00.350Z","RIVERA"
"419","Perso","2016-06-08T11:54:53.875Z","RIVERA"
"420","General","2016-06-09T07:40:53.787Z","RIVERA"
"421","Perso","2016-06-09T07:40:57.517Z","RIVERA"
"422","General","2016-06-09T08:38:30.051Z","RIVERA"
"423","Perso","2016-06-09T08:38:32.206Z","RIVERA"
"424","Perso","2016-06-09T12:35:23.278Z","RIVERA"
"425","General","2016-06-10T09:03:44.752Z","max"
"426","General","2016-06-10T09:03:51.412Z","RIVERA"
"427","Perso","2016-06-10T09:03:53.069Z","RIVERA"
"428","General","2016-06-16T09:39:48.354Z","Max"
"429","General","2016-06-16T09:40:11.259Z","Max"
"430","General","2016-06-16T09:42:56.578Z","Max"
"431","General","2016-06-16T10:35:09.097Z","maxence"
"432","Perso","2016-06-16T10:36:49.840Z","maxence"
"433","General","2016-06-16T12:37:07.951Z","max"
"434","General","2016-06-16T12:37:11.119Z","max"
"435","Perso","2016-06-16T12:38:05.184Z","max"
"436","Perso","2016-06-16T12:38:38.267Z","max"
"437","General","2016-06-16T12:38:40.025Z","max"
"438","General","2016-06-16T12:39:10.448Z","max"
"439","General","2016-06-16T19:12:32.560Z","Elise"
"440","General","2016-06-16T19:14:06.611Z","Elise"
"441","Perso","2016-06-16T19:24:42.141Z","Elise"
"442","General","2016-06-18T14:13:39.967Z","Maxence"
"443","General","2016-06-18T14:13:47.919Z","Maxence"
"444","General","2016-06-18T14:14:00.604Z","Maxence"
"445","General","2016-06-18T14:16:17.111Z","Maxence"
"446","Perso","2016-06-18T14:17:23.106Z","Maxence"
"447","General","2016-06-20T06:27:01.945Z","maxence"
"448","General","2016-06-20T06:27:10.893Z","maxence"
"449","General","2016-06-20T06:27:19.041Z","maxence"
"450","General","2016-06-20T04:39:07.031Z","maxence"
"451","General","2016-06-20T04:39:11.765Z","maxence"
"452","General","2016-06-20T04:39:18.289Z","maxence"
"453","General","2016-06-20T04:44:06.215Z","maxence"
"454","Perso","2016-06-20T04:55:08.331Z","maxence"
"455","General","2016-06-20T04:56:08.010Z","maxence"
"456","Perso","2016-06-20T04:56:39.179Z","maxence"
"457","General","2016-06-20T11:23:26.364Z","maxence"
"458","General","2016-06-27T06:53:53.779Z","max"
"459","General","2016-06-27T06:54:06.416Z","EliseLavoue"
"460","Perso","2016-06-27T06:54:07.820Z","EliseLavoue"
"461","General","2016-06-27T06:54:34.586Z","EliseLavoue"
"462","Perso","2016-06-27T06:55:24.763Z","EliseLavoue"
"463","General","2016-07-06T19:57:02.388Z","essai"
"464","General","2016-07-06T19:57:18.417Z","test"
"465","General","2016-07-06T19:57:26.680Z","test"
"466","General","2016-07-06T19:57:32.163Z","test"
"467","Perso","2016-07-06T19:57:34.711Z","test"
"468","General","2016-07-06T20:52:53.864Z","test"
"469","General","2016-07-06T20:53:04.171Z","test"
"470","Perso","2016-07-06T20:53:20.351Z","test"
"471","General","2016-07-06T20:53:24.413Z","test"
"472","General","2016-07-08T09:25:54.013Z","test"
"473","General","2016-07-08T10:08:27.912Z","test"
"474","General","2016-07-08T10:05:02.434Z","test"
"475","General","2016-07-08T10:05:47.247Z","test"
"476","Perso","2016-07-08T14:31:42.111Z","max"
"477","Perso","2016-07-08T14:32:20.290Z","max"
"478","General","2016-07-08T14:33:00.315Z","max"
"479","General","2016-07-08T14:34:21.238Z","loulou"
"480","General","2016-07-08T14:34:27.450Z","loulou"
